key,text
MSID_Ambush_1,埋伏
MSID_Ambush_2,埋伏+
MSID_Ambush_3,埋伏++
MSID_Anger,愤怒
MSID_Approach_1,助跑
MSID_Approach_2,助跑+
MSID_AugmentDamage_1,避开要害
MSID_AugmentDamage_2,避开要害+
MSID_AugmentDamage_3,避开要害++
MSID_Avo_10,回避+10
MSID_Avo_15,回避+15
MSID_Avo_20,回避+20
MSID_Avo_25,回避+25
MSID_Avo_30,回避+30
MSID_AxeArts_Hard_1,斧术·刚Lv.1
MSID_AxeArts_Hard_2,斧术·刚Lv.2
MSID_AxeArts_Hard_3,斧术·刚Lv.3
MSID_AxeArts_Hard_4,斧术·刚Lv.4
MSID_AxeArts_Hard_5,斧术·刚Lv.5
MSID_AxeKilling,破斧者
MSID_Azure_1,苍穹
MSID_Azure_2,苍穹+
MSID_BadBirdHit,凶鸟一击
MSID_BlackMagic_1,共鸣之黑魔法
MSID_BlackMagic_2,共鸣之黑魔法+
MSID_BlessingOfEleos,艾雷欧斯的祝福
MSID_BondPower,双重攻击
MSID_BowArts_Mind_1,弓术·心Lv.1
MSID_BowArts_Mind_2,弓术·心Lv.2
MSID_BowArts_Mind_3,弓术·心Lv.3
MSID_BowArts_Mind_4,弓术·心Lv.4
MSID_BowArts_Mind_5,弓术·心Lv.5
MSID_BowArts_Soft_1,弓术·柔Lv.1
MSID_BowArts_Soft_2,弓术·柔Lv.2
MSID_BowArts_Soft_3,弓术·柔Lv.3
MSID_BowArts_Soft_4,弓术·柔Lv.4
MSID_BowArts_Soft_5,弓术·柔Lv.5
MSID_BowKilling,破弓者
MSID_BraveGeneral_1,[勇将]
MSID_BraveGeneral_2,勇将+
MSID_BraveSky_1,[勇空]
MSID_BraveSky_2,勇空+
MSID_BreakInvalid,打破无效
MSID_BreakPursuit,接二连三
MSID_BylethEngage,指导
MSID_BylethEngageAtk,计策：女神之舞
MSID_BylethEngage_Coop_CMD,指导〈力量〉
MSID_BylethEngage_Covert_CMD,指导〈速度〉
MSID_BylethEngage_Dragon_CMD,指导〈全〉
MSID_BylethEngage_Fly_CMD,指导〈魔防〉
MSID_BylethEngage_Heavy_CMD,指导〈防守〉
MSID_BylethEngage_Horse_CMD,指导〈技巧〉
MSID_BylethEngage_Magic_CMD,指导〈魔力〉
MSID_BylethEngage_Prana_CMD,指导〈幸运〉
MSID_BylethRing_Claude,风神
MSID_BylethRing_Dimitri,[幻月]
MSID_BylethRing_Edelgard,闪花
MSID_CatBites,狗急跳墙
MSID_CelicaEngage,[重唱]
MSID_CelicaEngageAtk,传送末世烈焰
MSID_CelicaEngageAtk_DarkSide,末世烈焰传送
MSID_CelicaRing_Alm,疾风横扫
MSID_CelicaRing_Mae,轰雷
MSID_ChainAttackDamageWeaken,撕裂牵绊者
MSID_ClearStreamHit,清流一击
MSID_ClosingAttack,深入
MSID_ConnectPerson_1,系承牵绊者
MSID_ConnectPerson_2,系承牵绊者+
MSID_CriAvo_10,必避+10
MSID_CriAvo_15,必避+15
MSID_CriAvo_20,必避+20
MSID_CriAvo_25,必避+25
MSID_CriAvo_30,必避+30
MSID_CurseOfNihility,虚无诅咒
MSID_Deadline,死线
MSID_Def_1,防守+1
MSID_Def_2,防守+2
MSID_Def_3,防守+3
MSID_Def_4,防守+4
MSID_Def_5,防守+5
MSID_DefenseSeal,防守封锁
MSID_DefenseStyle,防阵
MSID_DemonHit,鬼神一击
MSID_DemonStance,鬼神架势
MSID_DragonCurse,龙咒
MSID_DragonPulse,龙脉
MSID_DragonPulse_AvoDown,龙脉&lt;水&gt;
MSID_DragonPulse_AvoUp,龙脉&lt;雾&gt;
MSID_DragonPulse_Block,龙脉&lt;冰&gt;
MSID_DragonPulse_Damage,龙脉&lt;炎&gt;
MSID_DragonPulse_DefUp,龙脉&lt;护&gt;
MSID_DragonPulse_Heal,龙脉&lt;愈&gt;
MSID_DragonPulse_NotBreak,龙脉&lt;绿&gt;
MSID_DualAssist_1,双重协助
MSID_DualAssist_2,双重协助+
MSID_DualSupport,双重支援
MSID_EffectInvalid,克制无效
MSID_EffectResistance,克制耐性
MSID_EirikEngage,双圣
MSID_EirikEngageAtk,双流
MSID_EirikRing_Heanius,必中目标
MSID_EirikRing_Marica,灭杀
MSID_EngageContinueTurn,斩不断的牵绊
MSID_EngageCount,默契十足
MSID_EnhancedCompatibility,强化互克
MSID_EquipRod_1,操杖
MSID_EquipRod_2,操杖+
MSID_EquipRod_3,操杖++
MSID_EvilCounter_1,异形复仇
MSID_EvilCounter_2,异形复仇+
MSID_EvilCounter_3,异形复仇++
MSID_EvilCounter_3_DarkSide,复仇
MSID_EvilDragonSpecialEffect,邪龙有效
MSID_Expert_1,熟练者
MSID_Expert_2,熟练者+
MSID_FavoriteFood,最喜欢的东西
MSID_Fortitude_1,[不屈]
MSID_Fortitude_2,不屈+
MSID_Fortitude_3,不屈++
MSID_FrenzyHit,减气
MSID_GentleWind_1,优风
MSID_GentleWind_2,优风+
MSID_GodDragonProtection,神龙加护
MSID_God_Change_CMD,交替
MSID_H_Ambush_1,"受到敌人攻击时 
若自身的HP为25%以下，可抢先攻击对方"
MSID_H_Ambush_2,"受到敌人攻击时 
若自身的HP为50%以下，可抢先攻击对方"
MSID_H_Ambush_3,"受到敌人攻击时 
若自身的HP为75%以下，可抢先攻击对方"
MSID_H_Anger,"必杀会随HP减少量提升 
（上限为+30）"
MSID_H_Approach_1,"移动后发动攻击时 
每移动1格攻击力提升1 
（上限为+10）"
MSID_H_Approach_2,"移动后发动攻击时 
每移动1格攻击力提升1"
MSID_H_AugmentDamage_1,于武器互克上占优势时，所受伤害-3
MSID_H_AugmentDamage_2,于武器互克上占优势时，所受伤害-5
MSID_H_AugmentDamage_3,于武器互克上占优势时，所受伤害-7
MSID_H_Avo_10,回避提升10
MSID_H_Avo_15,回避提升15
MSID_H_Avo_20,回避提升20
MSID_H_Avo_25,回避提升25
MSID_H_Avo_30,回避提升30
MSID_H_AxeArts_Hard_1,装备斧时，攻击力+2、回避-10
MSID_H_AxeArts_Hard_2,装备斧时，攻击力+4、回避-10
MSID_H_AxeArts_Hard_3,装备斧时，攻击力+6、回避-10
MSID_H_AxeArts_Hard_4,装备斧时，攻击力+8、回避-10
MSID_H_AxeArts_Hard_5,装备斧时，攻击力+10、回避-10
MSID_H_AxeKilling,"HP为50%以上且敌人的武器为斧时 
自身可发动追击但敌人无法追击"
MSID_H_Azure_1,"所受伤害-3 
造成伤害+3"
MSID_H_Azure_2,"所受伤害-5 
造成伤害+5"
MSID_H_BadBirdHit,自身发动攻击时，命中+40
MSID_H_BlackMagic_1,"使用魔道书攻击时 
若自身的HP为2以上 
则消耗1HP使伤害+2"
MSID_H_BlackMagic_2,"使用魔道书攻击时 
若自身的HP为2以上 
则消耗1HP使伤害+3"
MSID_H_BlessingOfEleos,"自身发动攻击时 
自身的必杀及必避提升， 
幅度为结束行动的我方单位总数×2"
MSID_H_BondPower,"即使自身的战斗类型并非“连携” 
也能参与连锁攻击"
MSID_H_BowArts_Mind_1,装备弓时，命中+10、必避-10
MSID_H_BowArts_Mind_2,装备弓时，命中+15、必避-10
MSID_H_BowArts_Mind_3,装备弓时，命中+20、必避-10
MSID_H_BowArts_Mind_4,装备弓时，命中+25、必避-10
MSID_H_BowArts_Mind_5,装备弓时，命中+30、必避-10
MSID_H_BowArts_Soft_1,装备弓时，回避+10、必杀-10
MSID_H_BowArts_Soft_2,装备弓时，回避+15、必杀-10
MSID_H_BowArts_Soft_3,装备弓时，回避+20、必杀-10
MSID_H_BowArts_Soft_4,装备弓时，回避+25、必杀-10
MSID_H_BowArts_Soft_5,装备弓时，回避+30、必杀-10
MSID_H_BowKilling,"HP为50%以上且敌人的武器为弓时 
自身可发动追击但敌人无法追击"
MSID_H_BraveGeneral_1,"HP为75%以下时 
防守、魔防+5"
MSID_H_BraveGeneral_2,"HP为75%以下时 
防守、魔防+7"
MSID_H_BraveSky_1,造成伤害+3
MSID_H_BraveSky_2,造成伤害+5
MSID_H_BreakInvalid,不会陷入打破状态
MSID_H_BreakPursuit,"使对方陷入打破状态时， 
会发动所造成伤害50%的追击"
MSID_H_BylethEngage,"可使用“指导”指令 
使周围2格内我方单位依战斗类型 
提升能力值，效果持续1回合"
MSID_H_BylethEngageAtk,使相邻4格内的我方单位再次行动
MSID_H_BylethEngageAtk_CMD,使相邻4格内的我方单位再次行动
MSID_H_BylethEngageAtk_Coop,"使相邻4格的我方单位再次行动 
【连携】再次行动的我方单位力量+4 
效果持续1回合"
MSID_H_BylethEngageAtk_Covert,"使相邻4格的我方单位再次行动 
【隐密】再次行动的我方单位速度+5 
效果持续1回合"
MSID_H_BylethEngageAtk_Dragon,"使相邻4格的我方单位再次行动 
【龙族】再次行动的我方单位 
7种基本能力值+3，效果持续1回合"
MSID_H_BylethEngageAtk_Fly,"使相邻4格的我方单位再次行动 
【飞行】再次行动的我方单位魔防+5 
效果持续1回合"
MSID_H_BylethEngageAtk_Heavy,"使相邻4格的我方单位再次行动 
【重装】再次行动的我方单位防守+5 
效果持续1回合"
MSID_H_BylethEngageAtk_Horse,"使相邻4格的我方单位再次行动 
【骑马】再次行动的我方单位技巧+10 
效果持续1回合"
MSID_H_BylethEngageAtk_Magic,"使相邻4格的我方单位再次行动 
【魔道】再次行动的我方单位魔力+4 
效果持续1回合"
MSID_H_BylethEngageAtk_Prana,"使相邻4格的我方单位再次行动 
【气功】再次行动的我方单位幸运+10 
效果持续1回合"
MSID_H_BylethEngage_Coop,"可使用“指导”指令 
使周围2格内我方单位依战斗类型 
提升能力值，效果持续1回合 
【连携】力量+4"
MSID_H_BylethEngage_Coop_CMD,周围2格内我方单位的力量+4
MSID_H_BylethEngage_Covert,"可使用“指导”指令 
使周围2格内我方单位依战斗类型 
提升能力值，效果持续1回合 
【隐密】速度+5"
MSID_H_BylethEngage_Covert_CMD,周围2格内我方单位的速度+5
MSID_H_BylethEngage_Dragon,"可使用“指导”指令 
使周围2格内我方单位依战斗类型 
提升能力值，效果持续1回合 
【龙族】7种基本能力值+3"
MSID_H_BylethEngage_Dragon_CMD,周围2格内我方单位全基本能力值+3
MSID_H_BylethEngage_Fly,"可使用“指导”指令 
使周围2格内我方单位依战斗类型 
提升能力值，效果持续1回合 
【飞行】魔防+5"
MSID_H_BylethEngage_Fly_CMD,周围2格内我方单位的魔防+5
MSID_H_BylethEngage_Heavy,"可使用“指导”指令 
使周围2格内我方单位依战斗类型 
提升能力值，效果持续1回合 
【重装】防守+5"
MSID_H_BylethEngage_Heavy_CMD,周围2格内我方单位的防守+5
MSID_H_BylethEngage_Horse,"可使用“指导”指令 
使周围2格内我方单位依战斗类型 
提升能力值，效果持续1回合 
【骑马】技巧+10"
MSID_H_BylethEngage_Horse_CMD,周围2格内我方单位的技巧+10
MSID_H_BylethEngage_Magic,"可使用“指导”指令 
使周围2格内我方单位依战斗类型 
提升能力值，效果持续1回合 
【魔道】魔力+4"
MSID_H_BylethEngage_Magic_CMD,周围2格内我方单位的魔力+4
MSID_H_BylethEngage_Prana,"可使用“指导”指令 
使周围2格内我方单位依战斗类型 
提升能力值，效果持续1回合 
【气功】幸运+10"
MSID_H_BylethEngage_Prana_CMD,周围2格内我方单位的幸运+10
MSID_H_BylethRing_Claude,"自身的HP为最大值时 
弓的射程+1"
MSID_H_BylethRing_Dimitri,"可使用“幻月”指令 
与相邻敌人战斗后 
自身朝敌人反向移动1格"
MSID_H_BylethRing_Dimitri_CMD,战斗后，朝敌人反向移动1格
MSID_H_BylethRing_Edelgard,"自身发动攻击时 
一定几率使对方陷入冰封状态 
（几率为“造成总伤害”%）"
MSID_H_CatBites,HP为50%以下时，必杀+30
MSID_H_CelicaEngage,"可使用“重唱”指令 
能以50%伤害的魔法发动2次攻击"
MSID_H_CelicaEngageAtk,"传送至10格范围内的可攻击位置 
对敌人发动强劲的魔法攻击"
MSID_H_CelicaEngageAtk_CMD,传送至可攻击位置并发动魔法攻击
MSID_H_CelicaEngageAtk_DarkSide,发动强劲的魔法攻击后传送至别处
MSID_H_CelicaEngageAtk_DarkSide_CMD,发动强劲的魔法攻击后传送至别处
MSID_H_CelicaEngageAtk_Dragon,"传送至10格范围内的可攻击位置 
对敌人发动强劲的魔法攻击 
【龙族】射程+1"
MSID_H_CelicaEngageAtk_Fly,"传送至10格范围内的可攻击位置 
对敌人发动强劲的魔法攻击 
【飞行】可传送距离+5"
MSID_H_CelicaEngageAtk_Horse,"传送至10格范围内的可攻击位置 
对敌人发动强劲的魔法攻击 
【骑马】可传送距离+2"
MSID_H_CelicaEngageAtk_Magic,"传送至10格范围内的可攻击位置 
对敌人发动强劲的魔法攻击 
【魔道】伤害为120%"
MSID_H_CelicaEngage_CMD,能以伤害为50%的魔法进行2次战斗
MSID_H_CelicaEngage_Dragon,"可使用“重唱”指令 
能以50%伤害的魔法发动2次攻击 
【龙族】射程+1"
MSID_H_CelicaEngage_Magic,"可使用“重唱”指令 
能以50%伤害的魔法发动2次攻击 
【魔道】伤害+10%"
MSID_H_CelicaRing_Alm,"使用剑攻击时，一定几率使对方无法反击 
（几率为“幸运”%）"
MSID_H_CelicaRing_Mae,"使用雷电、狂雷、托隆攻击时 
伤害为120%"
MSID_H_ChainAttackDamageWeaken,"使敌人连锁攻击的 
命中率必定为30% 
并减少所受伤害"
MSID_H_ClearStreamHit,自身发动攻击时，回避+30
MSID_H_ClosingAttack,"可使用“深入”指令 
朝2格远的敌人前进1格并发动攻击"
MSID_H_ClosingAttack_CMD,朝距离2格远的敌人前进并发动攻击
MSID_H_ConnectPerson_1,"使自己和周围2格内 
同步或结合中的我方单位 
命中、回避+20"
MSID_H_ConnectPerson_2,"使自己和周围2格内 
同步或结合中的我方单位 
命中、回避+30"
MSID_H_CriAvo_10,必避提升10
MSID_H_CriAvo_15,必避提升15
MSID_H_CriAvo_20,必避提升20
MSID_H_CriAvo_25,必避提升25
MSID_H_CriAvo_30,必避提升30
MSID_H_CurseOfNihility,"与此单位战斗时 
无法获得经验值"
MSID_H_Deadline,"造成伤害+10 
所受伤害+10"
MSID_H_Def_1,防守提升1
MSID_H_Def_2,防守提升2
MSID_H_Def_3,防守提升3
MSID_H_Def_4,防守提升4
MSID_H_Def_5,防守提升5
MSID_H_DefenseSeal,"自身发动攻击后 
对方的防守-6 
（效果随时间递减，每回合回复1）"
MSID_H_DefenseStyle,使敌人的连锁攻击无效
MSID_H_DemonHit,自身发动攻击时，必杀+20
MSID_H_DemonStance,受到敌人攻击时，力量+6
MSID_H_DragonCurse,"自身发动攻击后 
对方的全基本能力值-4 
（效果随时间递减，每回合回复1）"
MSID_H_DragonPulse,"可使用“龙脉”指令 
对格子赋予特殊效果"
MSID_H_DragonPulse_AvoDown,创造出具有回避降低效果的水洼
MSID_H_DragonPulse_AvoUp,创造出具有回避提升效果的雾气
MSID_H_DragonPulse_Block,创造出阻挡去路的冰柱
MSID_H_DragonPulse_CMD,对格子赋予特殊效果。
MSID_H_DragonPulse_Coop,"可使用“龙脉〈护〉”指令 
对格子赋予特殊效果 
【连携】创造出具有防守、魔防 
提升效果的土柱"
MSID_H_DragonPulse_Covert,"可使用“龙脉〈雾〉”指令 
对格子赋予特殊效果 
【隐密】创造出具有回避提升效果的雾气"
MSID_H_DragonPulse_Damage,创造出具有伤害效果的火焰
MSID_H_DragonPulse_DefUp,创造出具有防守、魔防提升效果的土柱。
MSID_H_DragonPulse_Dragon,"可使用“龙脉”指令 
对格子赋予特殊效果 
【龙族】可赋予全种类的龙脉"
MSID_H_DragonPulse_Fly,"可使用“龙脉〈愈〉”指令 
对格子赋予特殊效果 
【飞行】创造出具有HP回复效果的治愈之雾"
MSID_H_DragonPulse_Heal,创造出具有HP回复效果的治愈之雾
MSID_H_DragonPulse_Heavy,"可使用“龙脉〈绿〉”指令 
对格子赋予特殊效果 
【重装】创造出使打破效果无效的藤蔓"
MSID_H_DragonPulse_Horse,"可使用“龙脉〈水〉”指令 
对格子赋予特殊效果 
【骑马】创造出具有回避降低效果的水洼"
MSID_H_DragonPulse_Magic,"可使用“龙脉〈炎〉”指令 
对格子赋予特殊效果 
【魔道】创造出具有伤害效果的火焰"
MSID_H_DragonPulse_NotBreak,创造出使打破效果无效的藤蔓
MSID_H_DragonPulse_Prana,"可使用“龙脉〈冰〉”指令 
对格子赋予特殊效果 
【气功】创造出阻挡去路的冰柱"
MSID_H_DualAssist_1,"当我方单位攻击自身可攻击范围 
（移动距离+射程）内的敌人时， 
若自身战斗类型为“连携”或 
可使用特技“双重攻击”， 
将有35%几率参与连锁攻击"
MSID_H_DualAssist_2,"当我方单位攻击自身可攻击范围 
（移动距离+射程）内的敌人时， 
若自身战斗类型为“连携”或 
可使用特技“双重攻击”， 
将有70%几率参与连锁攻击"
MSID_H_DualSupport,"与相邻我方单位的支援等级越高 
回避提升越多（上限为+90）"
MSID_H_EffectInvalid,不受任何克制效果影响
MSID_H_EffectResistance,减少受到克制时的伤害
MSID_H_Effect_Armor,受到克制重装的效果影响
MSID_H_Effect_Ashnard,艾克的攻击将具有克制的效果
MSID_H_Effect_Astarte,米卡雅的攻击将具有克制的效果
MSID_H_Effect_Dragon,受到克制龙的效果影响
MSID_H_Effect_Duma,赛莉卡的攻击将具有克制的效果
MSID_H_Effect_EvilDragon,受到邪龙有效的效果影响
MSID_H_Effect_Fly,受到克制飞行的效果影响
MSID_H_Effect_Fodeth,"艾莉可（艾夫拉姆）的攻击 
将具有克制的效果"
MSID_H_Effect_Gimle,露琪娜的攻击将具有克制的效果
MSID_H_Effect_Horse,受到克制骑马的效果影响
MSID_H_Effect_Hydra,神威的攻击将具有克制的效果
MSID_H_Effect_Idenn,罗伊的攻击将具有克制的效果
MSID_H_Effect_Loptous,西格尔特的攻击将具有克制的效果
MSID_H_Effect_Mediuth,马尔斯的攻击将具有克制的效果
MSID_H_Effect_Morph,受到克制异形的效果影响
MSID_H_Effect_Nemesis,贝雷特的攻击将具有克制的效果
MSID_H_Effect_Nergal,琳的攻击将具有克制的效果
MSID_H_Effect_Veld,里弗的攻击将具有克制的效果
MSID_H_EirikEngage,"与艾莉可结合时，使我方全员的 
“月之手镯”切换为“日月手镯” 
“优风”切换为“苍穹”"
MSID_H_EirikEngageAtk,"与艾夫拉姆合力施展连续攻击 
仅限持剑且相邻时 
（艾夫拉姆为枪攻击，可克制异形）"
MSID_H_EirikEngageAtk_CMD,与艾夫拉姆合力施展连击
MSID_H_EirikEngageAtk_Dragon,"与艾夫拉姆合力施展连续攻击 
仅限持剑且相邻时 
（艾夫拉姆为枪攻击，可克制异形） 
【龙族】伤害增为120%"
MSID_H_EirikEngageAtk_Horse,"与艾夫拉姆合力施展连续攻击 
仅限持剑且相邻时 
（艾夫拉姆为枪攻击，可克制异形） 
【骑马】艾夫拉姆的攻击伤害增为150%"
MSID_H_EirikRing_Heanius,"自身发动攻击时，有一定几率必定命中 
（几率为“技巧”%）"
MSID_H_EirikRing_Marica,"触发必杀攻击时 
30%几率对敌人造成致命伤害 
（部分强敌除外）"
MSID_H_EngageContinueTurn,结合状态的持续回合数+1
MSID_H_EngageCount,结合计量条最大值-1
MSID_H_EnhancedCompatibility,"使用占优势的武器攻击时，可发动追击 
但武器居于劣势时，则会受到追击"
MSID_H_EquipRod_1,可使用等级C以下的杖
MSID_H_EquipRod_2,可使用等级B以下的杖
MSID_H_EquipRod_3,可使用等级A以下的杖
MSID_H_EvilCounter_1,"受到异形兵攻击时 
将所受伤害的10%反击给对方"
MSID_H_EvilCounter_2,"受到异形兵攻击时 
将所受伤害的30%反击给对方"
MSID_H_EvilCounter_3,"受到异形兵攻击时 
将所受伤害的50%反击给对方"
MSID_H_EvilCounter_3_DarkSide,"受到异形兵以外的敌人攻击时 
将所受伤害的50%反击给对方"
MSID_H_EvilDragonSpecialEffect,"自身的攻击将获得邪龙有效的效果 
若周围2格内的我方单位持有克制龙的武器 
该武器也能获得邪龙有效的效果"
MSID_H_Expert_1,"不会陷入打破状态 
减少受到克制时的伤害"
MSID_H_Expert_2,"不会陷入打破状态 
不受任何克制效果影响"
MSID_H_FavoriteFood,"同步状态下食用便当 
将蓄满结合计量条"
MSID_H_Fortitude_1,"我军行动阶段开始时 
若HP为20%以下 
回复HP最大值20%"
MSID_H_Fortitude_2,"我军行动阶段开始时 
若HP为30%以下 
回复HP最大值30%"
MSID_H_Fortitude_3,"我军行动阶段开始时 
若HP为40%以下 
回复HP最大值40%"
MSID_H_FrenzyHit,"自身发动攻击后 
对方的结合计量条-5"
MSID_H_GentleWind_1,所受伤害-3
MSID_H_GentleWind_2,所受伤害-5
MSID_H_GodDragonProtection,使所有对自身的克制效果无效
MSID_H_God_Change,"可使用“交替”指令 
通过替换纹章士来切换我方全员的 
“月之手镯”“优风”与 
“太阳之手镯”“勇空”"
MSID_H_God_Change_CMD,替换纹章士
MSID_H_HealingResonance,"使用杖回复我方单位的HP时， 
自身也能获得回复量50%的HP"
MSID_H_HeavenBeat_1,"30%几率使失手的攻击命中敌人 
几率会随幸运提升而提高"
MSID_H_HeavenBeat_2,"50%几率使失手的攻击命中敌人 
几率会随幸运提升而提高"
MSID_H_Hit_10,命中提升10
MSID_H_Hit_15,命中提升15
MSID_H_Hit_20,命中提升20
MSID_H_Hit_25,命中提升25
MSID_H_Hit_30,命中提升30
MSID_H_HoldOut_1,"若战斗开始时HP为30%以上 
无论在该战斗中受到多大的伤害 
HP也会剩下1"
MSID_H_HoldOut_2,"若战斗开始时HP为20%以上 
无论在该战斗中受到多大的伤害 
HP也会剩下1"
MSID_H_HoldOut_3,"若战斗开始时HP为10%以上 
无论在该战斗中受到多大的伤害 
HP也会剩下1"
MSID_H_HoldOut_4,"若战斗开始时HP为2以上 
无论在该战斗中受到多大的伤害 
HP也会剩下1"
MSID_H_Hp_10,HP提升10
MSID_H_Hp_12,HP提升12
MSID_H_Hp_15,HP提升15
MSID_H_Hp_5,HP提升5
MSID_H_Hp_7,HP提升7
MSID_H_IkeEngage,"回避变为0 
但所受伤害-50%"
MSID_H_IkeEngageAtk,"舍弃反击使防守、魔防+5，并于下回合对 
周围2格施展范围攻击，回复伤害30%的HP 
仅限持剑、斧"
MSID_H_IkeEngageAtk_CMD,承受敌人攻击，下回合施展范围攻击
MSID_H_IkeEngageAtk_Dragon,"舍弃反击使防守、魔防+5，并于下回合对 
周围2格施展范围攻击，回复伤害30%的HP 
仅限持剑、斧 
【龙族】伤害+1×遇袭次数"
MSID_H_IkeEngageAtk_Fly,"舍弃反击使防守、魔防+5，并于下回合对 
周围2格施展范围攻击，回复伤害30%的HP 
仅限持剑、斧 
【飞行】发动中魔防额外+5"
MSID_H_IkeEngageAtk_Heavy,"舍弃反击使防守、魔防+5，并于下回合对 
周围2格施展范围攻击，回复伤害30%的HP 
仅限持剑、斧 
【重装】发动中防守额外+5"
MSID_H_IkeEngage_Dragon,"回避变为0 
但所受伤害-50% 
【龙族】所受伤害额外-10%"
MSID_H_IkeRing_Senerio,"使用烈风攻击时，一定几率连续攻击2次 
（几率为“技巧”%）"
MSID_H_IkeRing_Wayu,"可使用“冲撞”指令 
推动体格小于自身的相邻我方单位 
使其移动1格"
MSID_H_IkeRing_Wayu_CMD,推动小于自身的我方单位移动1格
MSID_H_Immovable,不会受到特技或猛击等效果影响而移动
MSID_H_JobSkill_Avenir,"一定几率使物理伤害减半 
（几率为“技巧”%）"
MSID_H_JobSkill_Berserker,"发生猛击时 
使对方移动2格"
MSID_H_JobSkill_BowKnight,"没有移动且自身发动攻击时 
命中+40"
MSID_H_JobSkill_BraveHero,"参与连锁攻击时 
若自身的HP为最大值 
将连续攻击2次"
MSID_H_JobSkill_Cupido,"反击时，一定几率将自身所受伤害的50% 
加计至造成伤害 
（几率为“技巧”%）"
MSID_H_JobSkill_Dancer,"对我方单位使用“起舞”时 
该单位技巧、速度、幸运+3，效果持续1回合"
MSID_H_JobSkill_DragonKing,自身的结合计量条最大值-1
MSID_H_JobSkill_DragonKnight,"从对方无法进入的地形发动攻击时 
速度+5"
MSID_H_JobSkill_Fleurage,"一定几率增加攻击伤害（几率为“技巧”%） 
使用魔法攻击时，将力量的50%加计至伤害 
使用其他攻击时，将魔力的50%加计至伤害"
MSID_H_JobSkill_General,"可使用“替换”指令 
与相邻我方单位交换位置"
MSID_H_JobSkill_General_CMD,与我方单位交换位置
MSID_H_JobSkill_GrateKnight,"自己位于我方单位与敌人之间时 
所受伤害-3"
MSID_H_JobSkill_GriffinKnight,"于自身周围1格内（含所在格）移动时 
地形的移动消耗变为1"
MSID_H_JobSkill_Halberdier,"自身发动攻击时， 
若自身与我方单位包夹敌人 
将发动追击"
MSID_H_JobSkill_HighPriest,"可选择自己 
为回复杖的使用对象"
MSID_H_JobSkill_Lindwurm,"使用魔道书攻击时 
一定几率将敌人魔力的50%加计至伤害 
（几率为“技巧”%）"
MSID_H_JobSkill_MageKnight,"自身发动攻击时 
若敌人的攻击类型（物理攻击、魔道书） 
与自身不同，速度+3"
MSID_H_JobSkill_MasterMonk,"被杖回复HP时 
周围1格的我方单位也能获得50%的HP回复量"
MSID_H_JobSkill_Melusine,"使用剑攻击时，将依对手的 
“防守与魔防的平均值”来计算造成伤害"
MSID_H_JobSkill_Paladin,"可使用“迂回”指令 
移动至相邻我方单位的另一侧"
MSID_H_JobSkill_Paladin_CMD,移动至我方单位的另一侧
MSID_H_JobSkill_Pitchfork,"发动物理攻击时 
一定几率以防守的150%代替力量来计算伤害 
（几率为“技巧”%）"
MSID_H_JobSkill_RoyalKnight,"我方单位在战斗后陷入打破状态时 
若自身与其相邻且HP为11以上 
将消耗10HP解除该单位的打破状态"
MSID_H_JobSkill_Sage,"使用魔道书攻击时，攻击力提升 
幅度为周围1格装备魔道书的我方单位总数"
MSID_H_JobSkill_ShadowDragon,"回合开始时 
周围2格内，敌人的结合计量条-1"
MSID_H_JobSkill_ShadowPrincess,"回合开始时 
自身的结合计量条+1"
MSID_H_JobSkill_Sleipnir,"使用杖时，一定几率不消耗使用次数 
（几率为“技巧”%）"
MSID_H_JobSkill_Sniper,"对方没有发动反击时 
必杀+10"
MSID_H_JobSkill_Successeur,"对敌人造成伤害时， 
一定几率回复造成伤害的50%HP 
（几率为“技巧”%）"
MSID_H_JobSkill_SwordMaster,"可使用“破敌斩”指令 
与相邻敌人战斗后，移动至敌人的另一侧"
MSID_H_JobSkill_SwordMaster_CMD,与相邻敌人战斗后，移动至其另一侧
MSID_H_JobSkill_Thief,移动时可穿越敌人
MSID_H_JobSkill_Tirailleur,"攻击时，一定几率无视敌人1/2的防守与魔防 
（几率为“技巧”%）"
MSID_H_JobSkill_Warrior,"攻击陷入打破状态的敌人时 
伤害增为150%"
MSID_H_JobSkill_WolfKnight,"使用短剑攻击时 
对方的移动-2，效果持续1回合"
MSID_H_KamuiEngage,"自身发动攻击后，对方与其周围 
1格的敌人将无法移动1回合"
MSID_H_KamuiEngageAtk,"使用水之力攻击直向3格 
并使格子化为“水洼” 
仅限相邻"
MSID_H_KamuiEngageAtk_CMD,使用水之力攻击直向复数格
MSID_H_KamuiEngageAtk_Dragon,"使用水之力攻击直向3格 
并使格子化为“水洼”，仅限相邻 
【龙族】攻击范围+1"
MSID_H_KamuiEngage_Covert,"自身发动攻击后，对方与其周围 
1格的敌人将无法移动1回合 
【隐密】对方的回避额外-20"
MSID_H_KamuiRing_Marks,"对手的HP为最大值时 
造成伤害+2、所受伤害-2"
MSID_H_KamuiRing_Ryoma,"自身的等级高于对方时 
必杀+10、造成伤害+2、所受伤害-2"
MSID_H_KnifeArts_1,装备短剑时，命中+3、回避+3
MSID_H_KnifeArts_2,装备短剑时，命中+5、回避+5
MSID_H_KnifeArts_3,装备短剑时，命中+7、回避+7
MSID_H_KnifeArts_4,装备短剑时，命中+10、回避+10
MSID_H_KnifeArts_5,装备短剑时，命中+15、回避+15
MSID_H_KnifeKilling,"HP为50%以上且敌人的武器为短剑时 
自身可发动追击但敌人无法追击"
MSID_H_LanceArts_Hard_1,装备枪时，攻击力+2、回避-10
MSID_H_LanceArts_Hard_2,装备枪时，攻击力+4、回避-10
MSID_H_LanceArts_Hard_3,装备枪时，攻击力+6、回避-10
MSID_H_LanceArts_Hard_4,装备枪时，攻击力+8、回避-10
MSID_H_LanceArts_Hard_5,装备枪时，攻击力+10、回避-10
MSID_H_LanceArts_Soft_1,装备枪时，回避+10、必杀-10
MSID_H_LanceArts_Soft_2,装备枪时，回避+15、必杀-10
MSID_H_LanceArts_Soft_3,装备枪时，回避+20、必杀-10
MSID_H_LanceArts_Soft_4,装备枪时，回避+25、必杀-10
MSID_H_LanceArts_Soft_5,装备枪时，回避+30、必杀-10
MSID_H_LanceKilling,"HP为50%以上且敌人的武器为枪时 
自身可发动追击但敌人无法追击"
MSID_H_Lck_10,幸运提升10
MSID_H_Lck_12,幸运提升12
MSID_H_Lck_2,幸运提升2
MSID_H_Lck_4,幸运提升4
MSID_H_Lck_6,幸运提升6
MSID_H_Lck_8,幸运提升8
MSID_H_LeafEngage,"受到敌人攻击时 
若持有于射程、互克、克制上占优势的武器 
将自动更换为该武器"
MSID_H_LeafEngageAtk,使用剑、枪、斧、弓施展连续攻击
MSID_H_LeafEngageAtk_CMD,使用剑、枪、斧、弓施展连续攻击
MSID_H_LeafEngageAtk_Covert,"使用剑、枪、斧、弓施展连续攻击 
【隐密】打倒敌人时，一定几率获得1000G 
（几率为“幸运”%）"
MSID_H_LeafEngageAtk_Dragon,"使用剑、枪、斧、弓施展连续攻击 
【龙族】伤害为120%"
MSID_H_LeafEngageAtk_Prana,"使用剑、枪、斧、弓施展连续攻击 
【气功】必定打破"
MSID_H_LeafEngage_Coop,"受到敌人攻击时 
若持有较占优势的武器，将自动更换为该武器 
【连携】该次战斗中，必杀+10"
MSID_H_LeafEngage_Covert,"受到敌人攻击时 
若持有较占优势的武器，将自动更换为该武器 
【隐密】该次战斗中，回避+20"
MSID_H_LeafEngage_Dragon,"受到敌人攻击时 
若持有较占优势的武器，将自动更换为该武器 
【龙族】该次战斗中，命中+30"
MSID_H_LeafEngage_Fly,"受到敌人攻击时 
若持有较占优势的武器，将自动更换为该武器 
【飞行】该次战斗中，魔防+5"
MSID_H_LeafEngage_Heavy,"受到敌人攻击时 
若持有较占优势的武器，将自动更换为该武器 
【重装】该次战斗中，防守+5"
MSID_H_LeafRing_Fin,"受到致命伤害时 
会根据“幸运”%的几率 
回避攻击。（最多50%）"
MSID_H_LeafRing_Olwen,"自身使用雷电攻击时 
将连续攻击2次 
（狂雷、托隆除外）"
MSID_H_LinEngage,"可使用“残像”指令 
创造出4个仅能参与自身连锁攻击的残像"
MSID_H_LinEngageAtk,"连续施展5次射程为10、伤害为30%的攻击 
仅限持弓"
MSID_H_LinEngageAtk_CMD,使用弓箭施展超远距离的连续攻击
MSID_H_LinEngageAtk_Covert,"连续施展5次射程为10、伤害为30%的攻击 
仅限持弓 
【隐密】射程+10"
MSID_H_LinEngageAtk_DarkSide_Prana,"连续施展5次射程为10、伤害为20%的攻击 
仅限持弓 
【气功】必定打破"
MSID_H_LinEngageAtk_Dragon,"连续施展5次射程为10、伤害为30%的攻击 
仅限持弓 
【龙族】射程+5"
MSID_H_LinEngageAtk_Prana,"连续施展5次射程为10、伤害为30%的攻击 
仅限持弓 
【气功】必定打破"
MSID_H_LinEngageAtk_Weak,"连续施展5次射程为10、伤害为20%的攻击 
仅限持弓"
MSID_H_LinEngage_CMD,创造出可参与连锁攻击的残像
MSID_H_LinEngage_Delete_CMD,去除创造出的残像
MSID_H_LinEngage_Dragon,"可使用“残像”指令 
创造出4个仅能参与自身连锁攻击的残像 
【龙族】残像数量+1"
MSID_H_LinEngage_Fly,"可使用“残像”指令 
创造出4个仅能参与自身连锁攻击的残像 
【飞行】残像的回避+10"
MSID_H_LinRing_Eliwod,"可使用“拉近”指令 
将相邻我方单位移动至自身位置 
且自身也移动1格"
MSID_H_LinRing_Eliwod_CMD,与我方单位同时朝一侧移动1格
MSID_H_LinRing_Nino,"使用埃克斯卡利伯攻击时 
伤害增为120%"
MSID_H_LucinaEngage,"可使用“牵绊之盾”指令，80%几率 
使敌人对相邻我方单位的首次攻击无效"
MSID_H_LucinaEngageAtk,"自身周围2格内的我方单位将参与连锁攻击 
仅限持剑且相邻时"
MSID_H_LucinaEngageAtk_CMD,周围的我方单位将参与连锁攻击
MSID_H_LucinaEngageAtk_Coop,"周围2格内的我方单位将参与连锁攻击 
仅限持剑且相邻时 
【连携】范围+1"
MSID_H_LucinaEngageAtk_Dragon,"周围2格内的我方单位将参与连锁攻击 
仅限持剑且相邻时 
【龙族】参与连锁的我方单位命中率为100%"
MSID_H_LucinaEngage_CMD,80%几率使相邻我方单位所受攻击无效
MSID_H_LucinaEngage_CMD_Dragon,90%几率使相邻我方单位所受攻击无效
MSID_H_LucinaEngage_CMD_Prana,使相邻我方单位所受攻击无效，仅限1次
MSID_H_LucinaEngage_Dragon,"可使用“牵绊之盾”指令，80%几率 
使敌人对相邻我方单位的首次攻击无效 
【龙族】发动率+10%"
MSID_H_LucinaEngage_Fly,"可使用“牵绊之盾”指令，80%几率 
使敌人对相邻我方单位的首次攻击无效 
【飞行】若我方单位的类型为飞行则必定发动"
MSID_H_LucinaEngage_Heavy,"可使用“牵绊之盾”指令，80%几率 
使敌人对相邻我方单位的首次攻击无效 
【重装】若我方单位的类型为重装则必定发动"
MSID_H_LucinaEngage_Horse,"可使用“牵绊之盾”指令，80%几率 
使敌人对相邻我方单位的首次攻击无效 
【骑马】若我方单位的类型为骑马则必定发动"
MSID_H_LucinaEngage_Prana,"可使用“牵绊之盾”指令，80%几率 
使敌人对相邻我方单位的首次攻击无效 
【气功】发动率为100%"
MSID_H_LucinaRing_Chrom,存在发动几率的特技，其发动率+5%
MSID_H_LucinaRing_Lissa,"使用杖回复我方单位时 
HP回复量+5"
MSID_H_LueurEngage,"自身发动攻击并打倒敌人时 
结合解除前,结合对象的全基本能力值+4"
MSID_H_LueurEngageAtk,"剑与光束（魔法）的组合攻击 
仅限持剑且相邻时"
MSID_H_LueurEngageAtk_CMD,剑与光束的组合攻击
MSID_H_LueurEngageAtk_Coop,"剑与光束（魔法）的组合攻击 
仅限持剑且相邻时 
【连携】将力量的20%加计至剑攻击伤害"
MSID_H_LueurEngageAtk_Dragon,"剑与光束（魔法）的组合攻击 
仅限持剑且相邻时 
【龙族】伤害增至120%"
MSID_H_LueurEngageAtk_Magic,"剑与光束（魔法）的组合攻击 
仅限持剑且相邻时 
【魔道】将魔力的20%加计至光束攻击伤害"
MSID_H_LueurEngageAtk_Prana,"剑与光束（魔法）的组合攻击 
仅限持剑且相邻时 
【气功】必定打破"
MSID_H_LueurEngageAtk_p,"与结合对象合力施展剑与光束（魔法）的 
3连攻击 
仅限持剑且相邻时"
MSID_H_LueurEngageAtk_p_CMD,与结合对象合力施展3连击
MSID_H_LueurEngageAtk_p_Coop,"与结合对象联手施展剑与光束（魔法）的 
3连攻击 
仅限持剑且相邻时 
【连携】将力量的20%加计至剑攻击伤害"
MSID_H_LueurEngageAtk_p_Dragon,"与结合对象联手施展剑与光束（魔法）的 
3连攻击 
仅限持剑且相邻时 
【龙族】伤害增至120%"
MSID_H_LueurEngageAtk_p_Magic,"与结合对象联手施展剑与光束（魔法）的 
3连攻击 
仅限持剑且相邻时 
【魔道】将魔力的20%加计至光束攻击伤害"
MSID_H_LueurEngageAtk_p_Prana,"与结合对象联手施展剑与光束（魔法）的 
3连攻击 
仅限持剑且相邻时 
【气功】必定打破"
MSID_H_LueurEngage_Coop,"自身发动攻击并打倒敌人时 
结合解除前,结合对象的全基本能力值+4 
【连携】力量额外+2"
MSID_H_LueurEngage_Covert,"自身发动攻击并打倒敌人时 
结合解除前,结合对象的全基本能力值+4 
【隐密】速度额外+2"
MSID_H_LueurEngage_Dragon,"自身发动攻击并打倒敌人时 
结合解除前,结合对象的全基本能力值+4 
【龙族】7种基本能力值额外+1"
MSID_H_LueurEngage_Fly,"自身发动攻击并打倒敌人时 
结合解除前,结合对象的全基本能力值+4 
【飞行】魔防额外+2"
MSID_H_LueurEngage_Heavy,"自身发动攻击并打倒敌人时 
结合解除前,结合对象的全基本能力值+4 
【重装】防守额外+2"
MSID_H_LueurEngage_Horse,"自身发动攻击并打倒敌人时 
结合解除前,结合对象的全基本能力值+4 
【骑马】技巧额外+2"
MSID_H_LueurEngage_Magic,"自身发动攻击并打倒敌人时 
结合解除前，结合对象的全基本能力值+4 
【魔道】魔力额外+2"
MSID_H_LueurEngage_Prana,"自身发动攻击并打倒敌人时 
结合解除前,结合对象的全基本能力值+4 
【气功】幸运额外+2"
MSID_H_M011_CelicaEngageAtk_DarkSide,"传送至5格范围内的可攻击位置 
对敌人发动强劲的魔法攻击"
MSID_H_M011_MicaiahEngage_DarkSide,"杖的射程及传送等距离+3 
杖的效果范围+1"
MSID_H_M011_RoyEngage_DarkSide,单位等级+3
MSID_H_M011_SigludEngage_DarkSide,移动提升3
MSID_H_M014_BylethEngageAtk_DarkSide,使周围2格内的我方单位再次行动
MSID_H_Mag_2,魔力提升2
MSID_H_Mag_3,魔力提升3
MSID_H_Mag_4,魔力提升4
MSID_H_Mag_5,魔力提升5
MSID_H_MagicArts_1,装备魔道书时，命中+3、回避+3
MSID_H_MagicArts_2,装备魔道书时，命中+5、回避+5
MSID_H_MagicArts_3,装备魔道书时，命中+7、回避+7
MSID_H_MagicArts_4,装备魔道书时，命中+10、回避+10
MSID_H_MagicArts_5,装备魔道书时，命中+15、回避+15
MSID_H_MagicDefenseSeal,"自身发动攻击后 
对方的魔防-6 
（效果随时间递减，每回合回复1）"
MSID_H_MagicKilling,"HP为50%以上且敌人的武器为魔道书时 
自身可发动追击但敌人无法追击"
MSID_H_MagicSeal,"自身发动攻击后 
对方的魔力-6 
（效果随时间递减，每回合回复1）"
MSID_H_MarthEngage,"攻击时会发动所造成伤害50%的追击 
（可与其他会发动追击的特技同时发动）"
MSID_H_MarthEngageAtk,"连续施展7次伤害为30%的攻击 
仅限持剑且相邻时"
MSID_H_MarthEngageAtk_CMD,发动强劲的连续攻击
MSID_H_MarthEngageAtk_Coop,"连续施展7次伤害为30%的攻击 
仅限持剑且相邻时 
【连携】攻击次数+1"
MSID_H_MarthEngageAtk_Dragon,"连续施展7次伤害为30%的攻击 
仅限持剑且相邻时 
【龙族】攻击次数+2"
MSID_H_MarthEngageAtk_Magic,"连续施展7次伤害为30%的攻击 
仅限持剑且相邻时 
【魔道】计算伤害时以魔力为基准"
MSID_H_MarthEngage_Covert,"攻击时会发动所造成伤害50%的追击 
（可与其他会发动追击的特技同时发动） 
【隐密】依此特技发生的追击命中时 
将使对方陷入中毒状态"
MSID_H_MarthEngage_Dragon,"攻击时会发动所造成伤害50%的追击 
（可与其他会发动追击的特技同时发动） 
【龙族】自身将回复HP 
数值等同此特技的追击伤害"
MSID_H_MarthRing_Nabarl,"自身发动攻击时 
若装备剑，必杀+10"
MSID_H_MarthRing_Sheeda,"受到敌人攻击时 
若自身的HP为50%以下，所受伤害-5"
MSID_H_MartialArts_Mind_1,装备体术时，命中+10、必避-10
MSID_H_MartialArts_Mind_2,装备体术时，命中+15、必避-10
MSID_H_MartialArts_Mind_3,装备体术时，命中+20、必避-10
MSID_H_MartialArts_Mind_4,装备体术时，命中+25、必避-10
MSID_H_MartialArts_Mind_5,装备体术时，命中+30、必避-10
MSID_H_MicaiahEngage,"杖的射程及传送等距离+5 
杖的效果范围+1"
MSID_H_MicaiahEngageAtk,"完全回复我军与友军全员的HP 
使用后，自身的HP变为1"
MSID_H_MicaiahEngageAtk_CMD,消耗HP使我方全员的HP完全回复
MSID_H_MicaiahEngageAtk_Dragon,"完全回复我军与友军全员的HP 
使用后，自身的HP变为1 
【龙族】使用后，HP变为30%"
MSID_H_MicaiahEngageAtk_Heavy,"完全回复我军与友军全员的HP 
使用后，自身的HP变为1 
【重装】我方全员于下次战斗时防守+1"
MSID_H_MicaiahEngageAtk_Prana,"完全回复我军与友军全员的HP 
使用后，自身的HP变为1 
【气功】解除异常状态"
MSID_H_MicaiahEngage_Dragon,"杖的射程及传送等距离+5 
杖的效果范围+1 
【龙族】杖的射程（距离）额外+1"
MSID_H_MicaiahEngage_Prana,"杖的射程及传送等距离+5 
杖的效果范围+1 
【气功】使用HP回复杖时，回复量为120%"
MSID_H_MicaiahRing_Erincia,"对敌人造成致命伤害时 
使其HP剩下1"
MSID_H_MicaiahRing_Sothe,"一定几率使对方的HP变为1（部分强敌除外） 
（几率为“技巧÷2”%）"
MSID_H_MingMirrorHit,"自身发动攻击时 
因魔法攻击所受的伤害-20"
MSID_H_MingMirrorStance,受到敌人攻击时，魔防+6
MSID_H_MoonBracelet_1,"自身发动物理攻击时 
将对方防守的20%加计至伤害"
MSID_H_MoonBracelet_2,"自身发动物理攻击时 
将对方防守的30%加计至伤害"
MSID_H_Mov_1,移动提升1
MSID_H_Outclass_1,"自身发动攻击时，回避+15 
回避会随速度提升而提高"
MSID_H_Outclass_2,"自身发动攻击时，回避+30 
回避会随速度提升而提高"
MSID_H_Phy_3,体格提升3
MSID_H_Phy_4,体格提升4
MSID_H_Phy_5,体格提升5
MSID_H_PhysicalContact_1,"行动结束或待命时 
回复相邻我方单位5HP 
并稍微提升支援值"
MSID_H_PhysicalContact_2,"行动结束或待命时 
回复相邻我方单位10HP 
并稍微提升支援值"
MSID_H_PickUp,"与我方单位相邻且行动结束或待命时 
一定几率拾得失物（几率为“幸运”%） 
（与失物主人间的支援值将提升）"
MSID_H_PowerSeal,"自身发动攻击后 
对方的力量-6 
（效果随时间递减，每回合回复1）"
MSID_H_PranaKilling,"HP为50%以上且敌人的武器为体术时 
自身可发动追击但敌人无法追击"
MSID_H_PrivateSkill_Alfred,"不展开战斗及不使用道具便待命时 
力量+2，效果持续1回合"
MSID_H_PrivateSkill_Anna,"打倒敌人时，一定几率获得500G 
（几率为“幸运”%）"
MSID_H_PrivateSkill_Atie,"使用HP回复道具时 
力量+2，效果持续1回合"
MSID_H_PrivateSkill_Bonet,"食用便当时，一定几率获得相同的便当 
（几率为“幸运”%）"
MSID_H_PrivateSkill_Boucheron,"自身的战斗中 
若有我方单位参与连锁攻击 
自身的造成伤害+2"
MSID_H_PrivateSkill_Celine,"周围2格内的我方单位 
使用HP回复道具时，回复量为150%"
MSID_H_PrivateSkill_Chloe,"若周围2格内有2位我方男女单位相邻 
造成伤害+2"
MSID_H_PrivateSkill_Citrinica,"使用HP回复道具时 
周围1格的我方单位也能获得等量HP"
MSID_H_PrivateSkill_Clan,"与主角相邻时 
主角与自身的命中+10"
MSID_H_PrivateSkill_Diamand,"自身发动攻击时， 
若对方可反击，则双方的命中+15"
MSID_H_PrivateSkill_Fogato,"与相同敌人连续战斗时 
敌人的必杀-10"
MSID_H_PrivateSkill_Fran,"与主角相邻时 
主角与自身的回避+10"
MSID_H_PrivateSkill_Goldmary,若敌人为男性单位，敌人的命中-20
MSID_H_PrivateSkill_Hortensia,使用回复杖时，射程+1
MSID_H_PrivateSkill_Ivy,"与相同敌人连续战斗时 
命中+20"
MSID_H_PrivateSkill_Jade,"不展开战斗及不使用道具便待命时 
魔防+2，效果持续1回合"
MSID_H_PrivateSkill_Jean,"等级提升时 
基本能力值较容易上升"
MSID_H_PrivateSkill_Kagetsu,"自身发动攻击时 
敌人的回避-10"
MSID_H_PrivateSkill_Lapis,"周围1格内有我方单位时 
命中+10、回避+10、必杀-10"
MSID_H_PrivateSkill_Linden,"自身装备的武器等级 
低于对方时，必杀+20"
MSID_H_PrivateSkill_Louis,"若周围2格内有2位我方女性单位相邻 
所受伤害-2"
MSID_H_PrivateSkill_Lueur,"相邻我方单位的造成伤害+3 
所受伤害-1"
MSID_H_PrivateSkill_Mauve,"不展开战斗及不使用道具便待命时 
防守+2，效果持续1回合"
MSID_H_PrivateSkill_Merin,"若自身周围2格内 
有2位以上的我方女性单位 
该单位与自身的命中、回避+5"
MSID_H_PrivateSkill_Misutira,周围3格内，敌人的必杀-5
MSID_H_PrivateSkill_Pandoro,"自身的命中、回避提升 
幅度为周围2格内的敌我双方单位总数×3"
MSID_H_PrivateSkill_Panetone,"HP未达最大值时 
必杀+10"
MSID_H_PrivateSkill_Rosado,若敌人为男性单位，敌人的回避-20
MSID_H_PrivateSkill_Saphir,"HP为50%以下时 
命中、回避+20"
MSID_H_PrivateSkill_Seadas,"回合开始时 
回复自身周围2格内的我方单位 
回复量为各单位HP最大值的10%"
MSID_H_PrivateSkill_Staluke,"周围2格内的我方单位受到攻击时 
力量+3，效果持续1回合"
MSID_H_PrivateSkill_Umber,"若自身与敌人 
周围1格内无其他单位 
命中+20、回避-10"
MSID_H_PrivateSkill_Vandre,"与主角相邻时 
主角与自身的必杀+5"
MSID_H_PrivateSkill_Veyre,"相邻我方单位造成的伤害+1 
所受伤害-3"
MSID_H_PrivateSkill_Yunaka,"于回避地形发动攻击时 
必杀+15"
MSID_H_PrivateSkill_Zelkova,"受到敌人攻击时 
敌人的命中-10"
MSID_H_PullBack,"可使用“带回”指令 
使相邻我方单位移动至自身的另一侧"
MSID_H_PullBack_CMD,使我方单位移动至自身的另一侧
MSID_H_Pursuit_1,"自身发动攻击时 
若可追击且速度高于对方9以上 
会抢先在敌人反击前施展追击"
MSID_H_Pursuit_2,"自身发动攻击时 
若可追击且速度高于对方7以上 
会抢先在敌人反击前施展追击"
MSID_H_Pursuit_3,"自身发动攻击时 
若可追击且速度高于对方5以上 
会抢先在敌人反击前施展追击"
MSID_H_Ravage,"使用“破坏”指令时 
只需一击就能破坏目标"
MSID_H_Remove_1,行动后可额外移动2格
MSID_H_Remove_2,行动后可额外移动3格
MSID_H_Res_2,魔防提升2
MSID_H_Res_3,魔防提升3
MSID_H_Res_4,魔防提升4
MSID_H_Res_5,魔防提升5
MSID_H_RodArts_1,HP回复量+3、杖的命中+10
MSID_H_RodArts_2,HP回复量+5、杖的命中+15
MSID_H_RodArts_3,HP回复量+7、杖的命中+20
MSID_H_RodArts_4,HP回复量+10、杖的命中+25
MSID_H_RodArts_5,HP回复量+15、杖的命中+30
MSID_H_RoyEngage,单位等级+5
MSID_H_RoyEngageAtk,"使用炎之剑攻击前方的横向3格 
目标格与其后2格会陷入燃烧状态 
仅限持剑且相邻时"
MSID_H_RoyEngageAtk_CMD,攻击前方的复数格并使四周燃烧
MSID_H_RoyEngageAtk_Dragon,"使用炎之剑攻击前方的横向3格 
目标格与其后2格会陷入燃烧状态 
仅限持剑且相邻时，【龙族】扩大攻击范围"
MSID_H_RoyEngageAtk_Magic,"使用炽焰之剑攻击前方的横向3格 
目标格与其后2格会陷入燃烧状态 
仅限持剑且相邻时，【魔道】扩大燃烧范围"
MSID_H_RoyEngage_Dragon,"单位等级+5 
【龙族】等级额外+1"
MSID_H_RoyEngage_Heavy,"单位等级+5 
【重装】HP最大值+5"
MSID_H_RoyEngage_Horse,"单位等级+5 
【骑马】移动+1"
MSID_H_RoyRing_Dieck,使用猛击武器攻击时，命中+20
MSID_H_RoyRing_Lilina,"使用火焰、狂焰、火山爆焰攻击时 
伤害为120%"
MSID_H_Rush,使冰封状态无效
MSID_H_SelfDestruction,"我军行动阶段开始时，若HP为50%以下 
对周围2格内的敌人造成伤害并自行消灭 
伤害量为自己HP最大值的50%"
MSID_H_SighOfDeath,"自身发动攻击时 
对周围2格内的敌人造成HP最大值20%的伤害"
MSID_H_SigludEngage,移动提升5
MSID_H_SigludEngageAtk,"攻击敌人并移动至其身后 
仅限持剑、枪且相邻时"
MSID_H_SigludEngageAtk_CMD,攻击敌人并移动
MSID_H_SigludEngageAtk_Dragon,"攻击敌人并移动至其身后 
仅限持剑、枪且相邻时 
【龙族】伤害为120%"
MSID_H_SigludEngageAtk_Heavy,"攻击敌人并移动至其身后 
仅限持剑、枪且相邻时 
【重装】10%几率造成打破"
MSID_H_SigludEngageAtk_Magic,"攻击敌人并移动至其身后 
仅限持剑、枪且相邻时 
【魔道】将魔力的25%加计至伤害"
MSID_H_SigludEngageAtk_Prana,"攻击敌人并移动至其身后 
仅限持剑、枪且相邻时 
【气功】20%几率造成打破"
MSID_H_SigludEngage_Covert,"移动提升5 
【隐密】视所有地形的移动消耗为1"
MSID_H_SigludEngage_Dragon,"移动提升5 
【龙族】移动额外提升1"
MSID_H_SigludEngage_Horse,"移动提升5 
【骑马】移动额外提升2"
MSID_H_SigludRing_Celice,"自身发动攻击时，每打倒1个敌人，必杀+1 
（上限为+10，效果持续至该战斗结束为止）"
MSID_H_SigludRing_Diadora,每回合回复5HP
MSID_H_Silenceproof,使沉默状态无效
MSID_H_SkillSuccession,"可在纹章士之间利用“特技继承” 
从纹章士身上继承特技"
MSID_H_SnakeVenom,"自身发动攻击时 
对敌人造成HP最大值20%的伤害"
MSID_H_SombreBarrier1,"暗黑纹章士所制作的结界 
使邪龙有效的效果无效 
所受伤害为-50%"
MSID_H_SombreBarrier1_Normal,"暗黑纹章士所制作的结界 
所受伤害-20%"
MSID_H_SombreBarrier2,"暗黑纹章士所制作的结界 
使邪龙有效的效果无效 
所受伤害-70%"
MSID_H_SombreBarrier2_Normal,"暗黑纹章士所制作的结界 
所受伤害-40%"
MSID_H_SombreBarrier3,"暗黑纹章士所制作的结界 
使邪龙有效的效果无效 
所受伤害-85%"
MSID_H_SombreBarrier3_Normal,"暗黑纹章士所制作的结界 
所受伤害-60%"
MSID_H_SombreBarrier4,"暗黑纹章士所制作的结界 
使邪龙有效的效果无效 
所受伤害为0"
MSID_H_SombreBarrier4_Normal,"暗黑纹章士所制作的结界 
所受伤害-80%"
MSID_H_Spd_1,速度提升1
MSID_H_Spd_2,速度提升2
MSID_H_Spd_3,速度提升3
MSID_H_Spd_4,速度提升4
MSID_H_Spd_5,速度提升5
MSID_H_SpecialRing_Alfonse,使相邻我方单位的攻击力+2
MSID_H_SpecialRing_Anna,相邻我方单位的魔防+2
MSID_H_SpecialRing_Sharena,"我军行动阶段开始时 
相邻我方单位的防守+2"
MSID_H_SpeedAbsorption,"自身发动攻击时，每打倒1个敌人，速度+2 
（上限为+10，效果持续至该战斗结束为止）"
MSID_H_SpeedSeal,"自身发动攻击后 
对方的速度-6 
（效果随时间递减，每回合回复1）"
MSID_H_Str_1,力量提升1
MSID_H_Str_2,力量提升2
MSID_H_Str_3,力量提升3
MSID_H_Str_4,力量提升4
MSID_H_Str_5,力量提升5
MSID_H_Str_6,力量提升6
MSID_H_SunBracelet_1,"自身发动攻击时 
可回复造成伤害30%的HP"
MSID_H_SunBracelet_2,"自身发动攻击时 
可回复造成伤害50%的HP"
MSID_H_SunMoonBracelet_1,"自身发动攻击时 
可回复造成伤害30%的HP 
若发动的攻击为物理攻击时 
将对方防守的20%加计至伤害"
MSID_H_SunMoonBracelet_2,"自身发动攻击时 
可回复造成伤害50%的HP 
若发动的攻击为物理攻击时 
将对方防守的30%加计至伤害"
MSID_H_SwallowHit,自身发动攻击时，速度+5
MSID_H_SwallowStance,受到敌人攻击时，速度+6
MSID_H_SwordArts_Hard_1,装备剑时，攻击力+2、回避-10
MSID_H_SwordArts_Hard_2,装备剑时，攻击力+4、回避-10
MSID_H_SwordArts_Hard_3,装备剑时，攻击力+6、回避-10
MSID_H_SwordArts_Hard_4,装备剑时，攻击力+8、回避-10
MSID_H_SwordArts_Hard_5,装备剑时，攻击力+10、回避-10
MSID_H_SwordArts_Mind_1,装备剑时，命中+10、必避-10
MSID_H_SwordArts_Mind_2,装备剑时，命中+15、必避-10
MSID_H_SwordArts_Mind_3,装备剑时，命中+20、必避-10
MSID_H_SwordArts_Mind_4,装备剑时，命中+25、必避-10
MSID_H_SwordArts_Mind_5,装备剑时，命中+30、必避-10
MSID_H_SwordArts_Soft_1,装备剑时，回避+10、必杀-10
MSID_H_SwordArts_Soft_2,装备剑时，回避+15、必杀-10
MSID_H_SwordArts_Soft_3,装备剑时，回避+20、必杀-10
MSID_H_SwordArts_Soft_4,装备剑时，回避+25、必杀-10
MSID_H_SwordArts_Soft_5,装备剑时，回避+30、必杀-10
MSID_H_SwordKilling,"HP为50%以上且敌人的武器为剑时 
自身可发动追击但敌人无法追击"
MSID_H_TeacherGuidance,"自身与相邻我方单位 
获得的经验值为120%"
MSID_H_Tec_1,技巧提升1
MSID_H_Tec_2,技巧提升2
MSID_H_Tec_3,技巧提升3
MSID_H_Tec_4,技巧提升4
MSID_H_Tec_5,技巧提升5
MSID_H_VajraHit,"自身发动攻击时 
所受物理攻击伤害-10"
MSID_H_VajraStance,受到敌人攻击时，防守+6
MSID_HealingResonance,治愈之声
MSID_HeavenBeat_1,天刻之脉动
MSID_HeavenBeat_2,天刻之脉动+
MSID_Hit_10,命中+10
MSID_Hit_15,命中+15
MSID_Hit_20,命中+20
MSID_Hit_25,命中+25
MSID_Hit_30,命中+30
MSID_HoldOut_1,坚持
MSID_HoldOut_2,坚持+
MSID_HoldOut_3,坚持++
MSID_HoldOut_4,坚持+++
MSID_Hp_10,HP+10
MSID_Hp_12,HP+12
MSID_Hp_15,HP+15
MSID_Hp_5,HP+5
MSID_Hp_7,HP+7
MSID_IkeEngage,不动
MSID_IkeEngageAtk,霸克·天空
MSID_IkeRing_Senerio,旋风
MSID_IkeRing_Wayu,冲撞
MSID_Immovable,移动效果无效
MSID_JobSkill_Avenir,金莲
MSID_JobSkill_Berserker,猛击+
MSID_JobSkill_BowKnight,狙击
MSID_JobSkill_BraveHero,帮手
MSID_JobSkill_Cupido,水镜
MSID_JobSkill_Dancer,特别舞蹈
MSID_JobSkill_DragonKing,神龙气
MSID_JobSkill_DragonKnight,急袭
MSID_JobSkill_Fleurage,华炎
MSID_JobSkill_General,替换
MSID_JobSkill_GrateKnight,护卫
MSID_JobSkill_GriffinKnight,移动辅助
MSID_JobSkill_Halberdier,夹击
MSID_JobSkill_HighPriest,自己回复
MSID_JobSkill_Lindwurm,[虚空]
MSID_JobSkill_MageKnight,背理之法
MSID_JobSkill_MasterMonk,气之扩散
MSID_JobSkill_Melusine,魔法剑
MSID_JobSkill_Paladin,迂回
MSID_JobSkill_Pitchfork,沙阵
MSID_JobSkill_RoyalKnight,帮助
MSID_JobSkill_Sage,魔力增幅
MSID_JobSkill_ShadowDragon,邪龙气&lt;暗&gt;
MSID_JobSkill_ShadowPrincess,邪龙气
MSID_JobSkill_Sleipnir,大树
MSID_JobSkill_Sniper,[集中]
MSID_JobSkill_Successeur,太阳
MSID_JobSkill_SwordMaster,破敌斩
MSID_JobSkill_Thief,穿越
MSID_JobSkill_Tirailleur,[月光]
MSID_JobSkill_Warrior,无慈悲
MSID_JobSkill_WolfKnight,瞄准足部
MSID_KamuiEngage,咒缚
MSID_KamuiEngageAtk,龙穿炮
MSID_KamuiRing_Marks,骑士道
MSID_KamuiRing_Ryoma,[武士道]
MSID_KnifeArts_1,短剑术Lv.1
MSID_KnifeArts_2,短剑术Lv.2
MSID_KnifeArts_3,短剑术Lv.3
MSID_KnifeArts_4,短剑术Lv.4
MSID_KnifeArts_5,短剑术Lv.5
MSID_KnifeKilling,破短剑者
MSID_LanceArts_Hard_1,枪术·刚Lv.1
MSID_LanceArts_Hard_2,枪术·刚Lv.2
MSID_LanceArts_Hard_3,枪术·刚Lv.3
MSID_LanceArts_Hard_4,枪术·刚Lv.4
MSID_LanceArts_Hard_5,枪术·刚Lv.5
MSID_LanceArts_Soft_1,枪术·柔Lv.1
MSID_LanceArts_Soft_2,枪术·柔Lv.2
MSID_LanceArts_Soft_3,枪术·柔Lv.3
MSID_LanceArts_Soft_4,枪术·柔Lv.4
MSID_LanceArts_Soft_5,枪术·柔Lv.5
MSID_LanceKilling,破枪者
MSID_Lck_10,幸运+10
MSID_Lck_12,幸运+12
MSID_Lck_2,幸运+2
MSID_Lck_4,幸运+4
MSID_Lck_6,幸运+6
MSID_Lck_8,幸运+8
MSID_LeafEngage,瞬应
MSID_LeafEngageAtk,四重巧击
MSID_LeafRing_Fin,祈祷
MSID_LeafRing_Olwen,神雷
MSID_LinEngage,[残像]
MSID_LinEngageAtk,[流星群]
MSID_LinEngage_Delete_CMD,解除残像
MSID_LinRing_Eliwod,拉近
MSID_LinRing_Nino,纪加斯卡利伯
MSID_LucinaEngage,牵绊之盾
MSID_LucinaEngageAtk,人人为我
MSID_LucinaRing_Chrom,帝王之才
MSID_LucinaRing_Lissa,治愈之心
MSID_LueurEngage,[以心]
MSID_LueurEngageAtk,神龙破
MSID_LueurEngageAtk_p,牵绊·神龙破
MSID_M011_CelicaEngageAtk_DarkSide,传送末世烈焰（暗）
MSID_M011_MicaiahEngage_DarkSide,增幅（暗）
MSID_M011_RoyEngage_DarkSide,超越（暗）
MSID_M011_SigludEngage_DarkSide,快跑（暗）
MSID_M014_BylethEngageAtk_DarkSide,计策：邪神之舞
MSID_Mag_2,魔力+2
MSID_Mag_3,魔力+3
MSID_Mag_4,魔力+4
MSID_Mag_5,魔力+5
MSID_MagicArts_1,[魔道Lv.1]
MSID_MagicArts_2,[魔道Lv.2]
MSID_MagicArts_3,[魔道Lv.3]
MSID_MagicArts_4,[魔道Lv.4]
MSID_MagicArts_5,[魔道Lv.5]
MSID_MagicDefenseSeal,魔防封锁
MSID_MagicKilling,破魔者
MSID_MagicSeal,魔力封锁
MSID_MarthEngage,[神速]
MSID_MarthEngageAtk,星之突击
MSID_MarthRing_Nabarl,必杀剑
MSID_MarthRing_Sheeda,传道师
MSID_MartialArts_Mind_1,体术·心Lv.1
MSID_MartialArts_Mind_2,体术·心Lv.2
MSID_MartialArts_Mind_3,体术·心Lv.3
MSID_MartialArts_Mind_4,体术·心Lv.4
MSID_MartialArts_Mind_5,体术·心Lv.5
MSID_MicaiahEngage,增幅
MSID_MicaiahEngageAtk,大治愈之手
MSID_MicaiahRing_Erincia,[慈悲]
MSID_MicaiahRing_Sothe,瞬杀
MSID_MingMirrorHit,明镜一击
MSID_MingMirrorStance,明镜架势
MSID_MoonBracelet_1,月之手镯
MSID_MoonBracelet_2,月之手镯+
MSID_Mov_1,移动+1
MSID_Outclass_1,识破
MSID_Outclass_2,识破+
MSID_Phy_3,体格+3
MSID_Phy_4,体格+4
MSID_Phy_5,体格+5
MSID_PhysicalContact_1,身体接触
MSID_PhysicalContact_2,身体接触+
MSID_PickUp,[拾得]
MSID_PickUp_Message,[拾得] 的失物并交还给了对方
MSID_PowerSeal,力量封锁
MSID_PranaKilling,破体术者
MSID_PrivateSkill_Alfred,自己钻研
MSID_PrivateSkill_Anna,一夕致富
MSID_PrivateSkill_Atie,肌肉增强剂
MSID_PrivateSkill_Bonet,料理再现
MSID_PrivateSkill_Boucheron,泪腺崩坏
MSID_PrivateSkill_Celine,和平之花
MSID_PrivateSkill_Chloe,二人如画
MSID_PrivateSkill_Citrinica,盛宴款待
MSID_PrivateSkill_Clan,碧之信仰
MSID_PrivateSkill_Diamand,正面对决
MSID_PrivateSkill_Fogato,八面玲珑
MSID_PrivateSkill_Fran,绯红声援
MSID_PrivateSkill_Goldmary,叹息
MSID_PrivateSkill_Hortensia,辉煌原力
MSID_PrivateSkill_Ivy,执着
MSID_PrivateSkill_Jade,冥想
MSID_PrivateSkill_Jean,努力才能
MSID_PrivateSkill_Kagetsu,光彩夺目！
MSID_PrivateSkill_Lapis,战果转让
MSID_PrivateSkill_Linden,身经百战的直觉
MSID_PrivateSkill_Louis,花园门卫
MSID_PrivateSkill_Lueur,神龙团结
MSID_PrivateSkill_Mauve,蓄势待发
MSID_PrivateSkill_Merin,护航
MSID_PrivateSkill_Misutira,索尔姆的噪音
MSID_PrivateSkill_Pandoro,[大集会]
MSID_PrivateSkill_Panetone,战之血
MSID_PrivateSkill_Rosado,微笑
MSID_PrivateSkill_Saphir,求胜意志
MSID_PrivateSkill_Seadas,神秘舞蹈
MSID_PrivateSkill_Staluke,由我守护！
MSID_PrivateSkill_Umber,报上名号
MSID_PrivateSkill_Vandre,白之忠诚
MSID_PrivateSkill_Veyre,邪龙的救济
MSID_PrivateSkill_Yunaka,杀人技术
MSID_PrivateSkill_Zelkova,没有“下次”
MSID_PullBack,带回
MSID_Pursuit_1,强攻
MSID_Pursuit_2,强攻+
MSID_Pursuit_3,强攻++
MSID_Ravage,破坏
MSID_RefineGodWeapon_Effect_Armor,克制重装
MSID_RefineGodWeapon_Effect_Dragon,克制龙
MSID_RefineGodWeapon_Effect_Fly,克制飞行
MSID_RefineGodWeapon_Effect_Horse,克制骑马
MSID_RefineGodWeapon_Effect_Morph,克制异形
MSID_Remove_1,再移动
MSID_Remove_2,再移动+
MSID_Res_2,魔防+2
MSID_Res_3,魔防+3
MSID_Res_4,魔防+4
MSID_Res_5,魔防+5
MSID_RodArts_1,[信仰Lv.1]
MSID_RodArts_2,[信仰Lv.2]
MSID_RodArts_3,[信仰Lv.3]
MSID_RodArts_4,[信仰Lv.4]
MSID_RodArts_5,[信仰Lv.5]
MSID_RoyEngage,[超越]
MSID_RoyEngageAtk,狮子红莲焰舞
MSID_RoyRing_Dieck,铁腕
MSID_RoyRing_Lilina,业火
MSID_Rush,猛进
MSID_SelfDestruction,自毁
MSID_SighOfDeath,死亡吐息
MSID_SigludEngage,快跑
MSID_SigludEngageAtk,破阵星驰
MSID_SigludRing_Celice,身经百战
MSID_SigludRing_Diadora,回复
MSID_Silenceproof,沉默防御
MSID_SkillSuccession,解放特技继承
MSID_SnakeVenom,[蛇毒]
MSID_SombreBarrier1,常暗之结界
MSID_SombreBarrier1_Normal,暗之结界
MSID_SombreBarrier2,常暗之结界+
MSID_SombreBarrier2_Normal,暗之结界+
MSID_SombreBarrier3,常暗之结界++
MSID_SombreBarrier3_Normal,暗之结界++
MSID_SombreBarrier4,常暗之结界+++
MSID_SombreBarrier4_Normal,暗之结界+++
MSID_Spd_1,速度+1
MSID_Spd_2,速度+2
MSID_Spd_3,速度+3
MSID_Spd_4,速度+4
MSID_Spd_5,速度+5
MSID_SpecialRing_Alfonse,攻击纹章
MSID_SpecialRing_Anna,魔防纹章
MSID_SpecialRing_Sharena,防守鼓舞
MSID_SpeedAbsorption,速度吸收
MSID_SpeedSeal,速度封锁
MSID_Str_1,力量+1
MSID_Str_2,力量+2
MSID_Str_3,力量+3
MSID_Str_4,力量+4
MSID_Str_5,力量+5
MSID_Str_6,力量+6
MSID_SunBracelet_1,太阳之手镯
MSID_SunBracelet_2,太阳之手镯+
MSID_SunMoonBracelet_1,日月手镯
MSID_SunMoonBracelet_2,日月手镯+
MSID_SwallowHit,飞燕一击
MSID_SwallowStance,飞燕架势
MSID_SwordArts_Hard_1,剑术·刚Lv.1
MSID_SwordArts_Hard_2,剑术·刚Lv.2
MSID_SwordArts_Hard_3,剑术·刚Lv.3
MSID_SwordArts_Hard_4,剑术·刚Lv.4
MSID_SwordArts_Hard_5,剑术·刚Lv.5
MSID_SwordArts_Mind_1,剑术·心Lv.1
MSID_SwordArts_Mind_2,剑术·心Lv.2
MSID_SwordArts_Mind_3,剑术·心Lv.3
MSID_SwordArts_Mind_4,剑术·心Lv.4
MSID_SwordArts_Mind_5,剑术·心Lv.5
MSID_SwordArts_Soft_1,剑术·柔Lv.1
MSID_SwordArts_Soft_2,剑术·柔Lv.2
MSID_SwordArts_Soft_3,剑术·柔Lv.3
MSID_SwordArts_Soft_4,剑术·柔Lv.4
MSID_SwordArts_Soft_5,剑术·柔Lv.5
MSID_SwordKilling,破剑者
MSID_TeacherGuidance,老师的引导
MSID_Tec_1,技巧+1
MSID_Tec_2,技巧+2
MSID_Tec_3,技巧+3
MSID_Tec_4,技巧+4
MSID_Tec_5,技巧+5
MSID_VajraHit,金刚一击
MSID_VajraStance,金刚架势
