usen,cnch,jpja

Abyme,亚彪姆,アビューム
Alcryst,史塔卢克,スタルーク
Alear,琉尔,リュール
Alfred,阿尔弗雷德,アルフレッド
Amber,安巴,アンバー
Anisse,阿尼思,アニス
Anje,安洁,アンジュ
Anna,安娜,アンナ
Aura Eagle,亚欧拉鹰,アオライーグルン
Black Elyosian Dog,艾雷欧斯黑犬,クロエレオスケン
Boucheron,布修隆,ブシュロン
Brodian Cat,布罗帝亚猫,ブロディアニャゴ
Brodian Soldier,布罗帝亚兵,ブロディア兵
Bunet,波聂,ボネ
Byleth,贝雷特,ベレト
Calisson Chicken,卡利颂咕咕,カリソンコッコ
Calney,卡尔镍,カルネイ
Celica,赛莉卡,セリカ
Céline,锡莉奴,セリーヌ
Chloé,克萝艾,クロエ
Citrinne,希特丽妮卡,シトリニカ
Clanne,柯岚,クラン
Corrin,神威,カムイ
Corrupted,异形兵,異形兵
Corrupted Hyacinth,异形海亚信斯,異形のハイアシンス
Corrupted Lumera,异形琉弥艾尔,異形のルミエル
Corrupted Morion,异形莫力翁,異形のモリオン
Corrupted Wyrm,异形龙,異形竜
Diamant,帝亚曼德,ディアマンド
Durthon,达顿,ダートン
Eastern Freecat,东方猫,ヒガシニャッコ
Eirika,艾莉可,エイリーク
Elusian Cat,伊尔席翁猫,イルシオンニャコ
Elusian Soldier,伊尔席翁兵,イルシオン兵
Elyosian Dog,艾雷欧斯犬,エレオスケン
Elyosian Pigeon,艾雷欧斯鸽,エレオスハットー
Elyosian Seagull,艾雷欧斯海鸥,エレオスカモメン
Elyosian Sheep,艾雷欧斯绵羊,エレモフヒツジ
Etie,艾媞耶,エーティエ
Ève,伊芙,イヴ
Fabrication,造物,造られしもの
Fabrication,造物,造られしもの
Fell Sombron,大邪龙尚卜尔,大邪竜ソンブル
Firenese Cat,费列聂猫,フィレネニャーコ
Firenese Soldier,费列聂兵,フィレネ兵
Firenese Villager,费列聂国民,フィレネの民
Fogado,佛贾特,フォガート
Framme,芙岚,フラン
Gold Corrupted,金异形兵,金ノ異形兵
Goldmary,戈尔德玛莉,ゴルドマリー
Griss,孤栗,グリ
Hop Rabbit,跳兔,ピョンウサギ
Hortensia,奥尔坦希亚,オルテンシア
Hyacinth,海亚信斯,ハイアシンス
Ike,艾克,アイク
Illusory Double,残像,残像
Iris Owl,艾利斯猫头鹰,アイリスフクロー
Ivy,艾比,アイビー
Jade,洁德,ジェーデ
Jean,贾恩,ジャン
Kagetsu,花月,カゲツ
Lapis,菈琵思,ラピス
Leif,里弗,リーフ
Lindon,霖丹,リンデン
Louis,路易,ルイ
Lucina,露琪娜,ルキナ
Lumera,琉弥艾尔,ルミエル
Lyn,琳,リン
Marni,玛伦,マロン
Marth,马尔斯,マルス
Mauvier,莫布,モーヴ
Mère Donkey,美伊鲁驴,メイルロバ
Merrin,玫琳,メリン
Micaiah,米卡雅,ミカヤ
Mitan,米坦,ミタン
Morion,莫力翁,モリオン
Nelucce,聂尔凯,ネルーケ
Northern Freecat,北方猫,キタニャッコ
Pandreo,庞德罗,パンドロ
Panette,帕涅托涅,パネトネ
Panna Camel,潘纳峰骆驼,パンナコブラクダ
Pinet,皮聂,ピネ
Rodine,罗丹,ローダン
Rosado,罗萨德,ロサード
Roy,罗伊,ロイ
Ruffian,流氓,ならずもの
Rutile Marmot,鲁奇鲁土拨鼠,ルチルマーモット
Saphir,札菲亚,ザフィーア
Seadall,赛安达斯,セアダス
Sean,肖恩,ショーン
Seforia,丝弗丽雅,スフォリア
Sigurd,西格尔特,シグルド
Silver Corrupted,银异形兵,銀ノ異形兵
Solmic Cat,索尔姆猫,ソルムニャンコ
Solmic Soldier,索尔姆兵,ソルム兵
Solmic Villager,索尔姆国民,ソルムの民
Sombron,尚卜尔,ソンブル
Sommie,索拉,ソラ
Southern Freecat,南方猫,ミナミニャッコ
Tartu Flamingo,巴巴罗红鹤,ババロフラミンゴ
Teronda,堤蓝达,テランダ
Tetchie,铁兹,テッツィ
Thief,盗贼,盗賊
Timerra,蜜丝提拉,ミスティラ
Totchie,拓兹,トッツィ
Unknown Soldier,神秘团体,謎の一団
Vander,凡德雷,ヴァンドレ
Vervain Deer,利萨兹驯鹿,リザーズトナカイ
Veyle,贝珥,ヴェイル
Western Freecat,西方猫,ニシニャッコ
White Elyosian Dog,艾雷欧斯白犬,シロエレオスケン
White Hop Rabbit,白跳兔,シロピョンウサギ
Yunaka,尤娜卡,ユナカ
Zelkov,杰尔科巴,ゼルコバ
Zephia,赛皮雅,セピア

Alfonse,阿尔冯斯,アルフォンス
Alm,阿雷武,アルム
Amelia,亚美利雅,アメリア
Anna,安娜,アンナ
Arden,亚丹,アーダン
Asbel,亚斯贝尔,アスベル
Ayra,艾伊拉,アイラ
Azelle,艾泽尔,アゼル
Azura,阿库娅,アクア
Bernadetta,贝尔娜提塔,ベルナデッタ
Black Knight,漆黑骑士,漆黒の騎士
Caeda,希达,シーダ
Caineghis,凯内基斯,カイネギス
Camilla,卡美拉,カミラ
Cecilia,瑟西莉亚,セシリア
Ced,赛提,セティ
Chrom,库洛武,クロム
Claude,库罗德,クロード
Conrad,孔拉特,コンラート
Cordelia,蒂亚莫,ティアモ
Deirdre,迪雅朵拉,ディアドラ
Delthea,迪优特,デューテ
Dieck,迪克,ディーク
Dimitri,帝弥托利,ディミトリ
Dorcas,多尔卡斯,ドルカス
Edelgard,艾黛尔贾特,エーデルガルト
Elincia,艾琳西亚,エリンシア
Elise,艾丽泽,エリーゼ
Eliwood,艾利乌德,エリウッド
Erinys,菲莉,フュリー
Ethlyn,艾丝琳,エスリン
Fae,法,ファ
Faye,艾菲,エフィ
Felix,菲力克斯,フェリクス
Ferdinand,菲尔迪南特,フェルディナント
Finn,芬恩,フィン
Fir,菲尔,フィル
Flayn,芙莲,フレン
Florina,芙罗利娜,フロリーナ
Gaius,盖亚,ガイア
Gatrie,嘉德列,ガトリー
Genny,杰妮,ジェニー
Gerik,吉斯特,ジスト
Greil,格莱尔,グレイル
Hector,海克托尔,ヘクトル
Hinoka,火乃香,ヒノカ
Ilyana,伊蕾思,イレース
Ingrid,英谷莉特,イングリット
Inigo,阿兹尔,アズール
Innes,西尼亚斯,ヒーニアス
Jaffar,贾法尔,ジャファル
Jakob,乔克,ジョーカー
Joshua,约书亚,ヨシュア
Katarina,卡达丽娜,カタリナ
Kris,克里斯,クリス
L'Arachel,拉切尔,ラーチェル
Lachesis,拉克西丝,ラケシス
Leanne,莉娅妮,リアーネ
Legion,罗罗,ローロー
Leo,里昂,レオン
Lethe,蕾媞,レテ
Lewyn,雷文,レヴィン
Lilina,莉莉娜,リリーナ
Linde,琳达,リンダ
Linoan,莉诺安,リノアン
Lissa,莉兹,リズ
Lugh,鲁格,ルゥ
Lukas,卢卡,ルカ
Lute,卢特,ルーテ
Lysithea,莉丝缇亚,リシテア
Mae,梅伊,メイ
Mareeta,玛丽塔,マリータ
Marisa,玛莉卡,マリカ
Matthew,马修,マシュー
Merric,马利克,マリク
Mia,瓦育,ワユ
Minerva,米奈娃,ミネルバ
Mist,密丝特,ミスト
Morgan,马可,マーク
Naesala,涅沙罗,ネサラ
Nailah,妮凯,ニケ
Nanna,南娜,ナンナ
Navarre,拿巴尔,ナバール
Nephenee,涅菲妮,ネフェニー
Ninian,尼尼安,ニニアン
Nino,妮诺,ニノ
Nowi,侬侬,ノノ
Ogma,奥古马,オグマ
Olwen,欧尔玟,オルエン
Osian,奥辛,オーシン
Owain,伍德,ウード
Quan,乔安,キュアン
Raigh,雷伊,レイ
Ranulf,莱伊,ライ
Raphael,拉斐尔,ラファエル
Rebecca,蕾贝卡,レベッカ
Ross,罗斯,ロス
Rutger,路特加,ルトガー
Ryoma,龙马,リョウマ
Saber,赛巴,セーバー
Sakura,樱,サクラ
Sanaki,莎娜琪,サナキ
Sara,莎拉,サラ
Seliph,赛列斯,セリス
Serra,赛拉,セーラ
Seth,赛特,ゼト
Severa,瑟琳娜,セレナ
Sharena,夏蓉,シャロン
Shinon,席诺,シノン
Shiva,席巴,シヴァ
Silque,希尔科,シルク
Sophia,苏菲亚,ソフィーヤ
Soren,塞涅里欧,セネリオ
Sothe,萨札,サザ
Takumi,拓海,タクミ
Tana,塔娜,ターナ
Tharja,撒拉,サーリャ
Tibarn,狄邦,ティバーン
Tiki,琪姬,チキ
Titania,狄亚马特,ティアマト
Valbar,巴尔博,バルボ
Wolt,伍尔特,ウォルト
Xander,马克斯,マークス

Archer,弓箭手,アーチャー
Avenir,阿巴尼尔,アヴニール
Axe Armor,重斧兵,アクスアーマー
Axe Cavalier,斧骑士,アクスナイト
Axe Fighter,斧战士,アクスファイター
Axe Flier,斧飞马骑士,アクスペガサス
Barbarian,蛮族,蛮族
Berserker,狂斗士,ベルセルク
Bow Knight,弓骑士,ボウナイト
Corrupted Wyrm,异形龙,異形竜
Cupido,邱比特,クピードー
Dancer,舞蹈家,ダンサー
Divine Dragon,神龙之王,神竜ノ王
Dragon Child,神龙之子,神竜ノ子
Emblem,纹章士,紋章士
Fell Child,邪龙之女,邪竜ノ娘
Fell Child,邪龙之子,邪竜ノ子
Fell Monarch,邪龙之王,邪竜ノ王
General,将军,ジェネラル
Great Fell Dragon,大邪龙,大邪竜
Great Knight,英勇骑士,グレートナイト
Griffin Knight,格里芬骑士,グリフォンナイト
Halberdier,枪斗士,ハルバーディア
Hero,无畏英雄,ブレイブヒーロー
High Priest,主教,ハイプリースト
Lance Armor,重枪兵,ランスアーマー
Lance Cavalier,枪骑士,ランスナイト
Lance Fighter,枪战士,ランスファイター
Lance Flier,枪飞马骑士,ランスペガサス
Lindwurm,林德普尔姆,リンドブルム
Lord,领主,ロード
Lord,领主,ロード
Mage,魔法师,マージ
Mage Knight,魔法师骑士,マージナイト
Martial Master,僧侣大师,マスターモンク
Martial Monk,僧侣,モンク
Melusine,美露莘,メリュジーヌ
Noble,王室贵族,ノーブル
Noble,王室贵族,ノーブル
Paladin,圣骑士,パラディン
Phantom Wyrm,幻影龙,幻影竜
Picket,草叉枪兵,ピッチフォーク
Royal Knight,皇家骑士,ロイヤルナイト
Sage,圣者,セイジ
Sentinel,义警队,ヴィジランテ
Sentinel,义警队,ヴィジランテ
Sleipnir Rider,斯雷普尼尔,スレイプニル
Sniper,狙击手,スナイパー
Successeur,继承者,スュクセサール
Sword Armor,重剑兵,ソードアーマー
Sword Cavalier,剑骑士,ソードナイト
Sword Fighter,刀剑战士,ソードファイター
Sword Flier,剑飞马骑士,ソードペガサス
Swordmaster,刀剑将领,ソードマスター
Thief,小偷,シーフ
Tireur d'élite,狙击兵,ティラユール
Vidame,弗罗剌祝,フロラージュ
Villager,村民,村人
Warrior,勇士,ウォーリアー
Wing Tamer,驯兽师,テイマー
Wing Tamer,驯兽师,テイマー
Wolf Knight,狼骑士,ウルフナイト
Wyvern Knight,飞龙骑士,ドラゴンナイト

Adaptable,瞬应,即応
Admiration,花园门卫,花園の門番
Advance,深入,踏み込み
Air Raid,急袭,急襲
Alabaster Duty,白之忠诚,白の忠誠
Alacrity,强攻,攻め立て
Alacrity+,强攻+,攻め立て＋
Alacrity++,强攻++,攻め立て＋＋
All for One,人人为我,オールフォーワン
Allied Defense,护卫,護衛
Anchor,移动效果无效,移動効果無効
Armored Blow,金刚一击,金剛の一撃
Arms Shield,避开要害,急所ずらし
Arms Shield+,避开要害+,急所ずらし＋
Arms Shield++,避开要害++,急所ずらし＋＋
Art Focus 1,体术·心Lv.1,体術・心Lv.1
Art Focus 2,体术·心Lv.2,体術・心Lv.2
Art Focus 3,体术·心Lv.3,体術・心Lv.3
Art Focus 4,体术·心Lv.4,体術・心Lv.4
Art Focus 5,体术·心Lv.5,体術・心Lv.5
Artbreaker,破体术者,体術殺し
Aspiring Hero,报上名号,名乗り上げ
Astra Storm,流星群,流星群
Attuned,以心,以心
Augment,增幅,増幅
Avoid +10,回避+10,回避＋10
Avoid +15,回避+15,回避＋15
Avoid +20,回避+20,回避＋20
Avoid +25,回避+25,回避＋25
Avoid +30,回避+30,回避＋30
Axe Power 1,斧术·刚Lv.1,斧術・剛Lv.1
Axe Power 2,斧术·刚Lv.2,斧術・剛Lv.2
Axe Power 3,斧术·刚Lv.3,斧術・剛Lv.3
Axe Power 4,斧术·刚Lv.4,斧術・剛Lv.4
Axe Power 5,斧术·刚Lv.5,斧術・剛Lv.5
Axebreaker,破斧者,斧殺し
Back at You,水镜,水鏡
Bane,瞬杀,瞬殺
Battlewise,身经百战,百戦錬磨
Big Personality,辉煌原力,煌めく理力
Blazing Lion,狮子红莲焰舞,獅子紅蓮焔舞
Blinding Flash,光彩夺目！,光彩奪目！
Blood Fury,战之血,戦の血
Blue Skies,苍穹,蒼穹
Blue Skies+,苍穹+,蒼穹＋
Bond Blast,牵绊·神龙破,絆・神竜破
Bond Breaker,撕裂牵绊者,絆を引き裂くもの
Bond Forger,系承牵绊者,絆を繋和ぐもの
Bond Forger+,系承牵绊者+,絆を繋和ぐもの＋
Bonded Shield,牵绊之盾,絆盾
Boon of Elyos,艾雷欧斯的祝福,エレオスの祝福
Bow Agility 1,弓术·柔Lv.1,弓術・柔Lv.1
Bow Agility 2,弓术·柔Lv.2,弓術・柔Lv.2
Bow Agility 3,弓术·柔Lv.3,弓術・柔Lv.3
Bow Agility 4,弓术·柔Lv.4,弓術・柔Lv.4
Bow Agility 5,弓术·柔Lv.5,弓術・柔Lv.5
Bow Focus 1,弓术·心Lv.1,弓術・心Lv.1
Bow Focus 2,弓术·心Lv.2,弓術・心Lv.2
Bow Focus 3,弓术·心Lv.3,弓術・心Lv.3
Bow Focus 4,弓术·心Lv.4,弓術・心Lv.4
Bow Focus 5,弓术·心Lv.5,弓術・心Lv.5
Bowbreaker,破弓者,弓殺し
Brave Assist,帮手,助太刀
Bravery,勇空,勇空
Bravery+,勇空+,勇空＋
Break Defenses,接二连三,たたみかけ
Build +3,体格+3,体格＋3
Build +4,体格+4,体格＋4
Build +5,体格+5,体格＋5
Bushido,武士道,武士道
Call Doubles,残像,残像
Canter,再移动,再移動
Canter+,再移动+,再移動＋
Careful Aim,狙击,狙撃
Certain Blow,凶鸟一击,凶鳥の一撃
Chaos Style,背理之法,背理の法
Charmer,八面玲珑,人たらし
Chivalry,骑士道,騎士道
Clear the Way,移动辅助,移動補助
Cleric,操杖,杖使い
Cleric+,操杖+,杖使い＋
Cleric++,操杖++,杖使い＋＋
Contemplative,蓄势待发,次への備え
Cornered Beast,狗急跳墙,噛猫
Crimson Cheer,绯红声援,緋い声援
Curious Dance,神秘舞蹈,神秘の踊り
Dark Augment,增幅（暗）,増幅（闇）
Dark Barrier,暗之结界,闇の結界
Dark Barrier+,暗之结界+,闇の結界＋
Dark Barrier++,暗之结界++,闇の結界＋＋
Dark Barrier+++,暗之结界+++,闇の結界＋＋＋
Dark Gallop,快跑（暗）,迅走（闇）
Dark Spirit,邪龙气<暗>,邪竜気〈闇〉
Dark Warp,传送末世烈焰（暗）,ワープライナ（闇）
Darting Blow,飞燕一击,飛燕の一撃
Darting Stance,飞燕架势,飛燕の構え
Deadly Blade,必杀剑,必殺剣
Death Blow,鬼神一击,鬼神の一撃
Deep Synergy,默契十足,阿吽の呼吸
Defense +1,防守+1,守備＋1
Defense +2,防守+2,守備＋2
Defense +3,防守+3,守備＋3
Defense +4,防守+4,守備＋4
Defense +5,防守+5,守備＋5
Demolish,破坏,破壊
Dexterity +1,技巧+1,技＋1
Dexterity +2,技巧+2,技＋2
Dexterity +3,技巧+3,技＋3
Dexterity +4,技巧+4,技＋4
Dexterity +5,技巧+5,技＋5
Diabolical Dance,计策：邪神之舞,計略：邪神の舞
Diffuse Healer,气之扩散,気の拡散
Dire Thunder,神雷,ダイムサンダ
Disarming Sigh,叹息,溜め息
Dispel Doubles,解除残像,残像解除
Divine Pulse,天刻之脉动,天刻の拍動
Divine Pulse+,天刻之脉动+,天刻の拍動＋
Divine Speed,神速,神速
Divine Spirit,神龙气,神竜気
Divinely Inspiring,神龙团结,神竜の結束
Dodge +10,必避+10,必避＋10
Dodge +15,必避+15,必避＋15
Dodge +20,必避+20,必避＋20
Dodge +25,必避+25,必避＋25
Dodge +30,必避+30,必避＋30
Draconic Hex,龙咒,竜呪
Dragon Blast,神龙破,神竜破
Dragon Vein,龙脉,竜脈
Draw Back,拉近,引き寄せ
Dreadful Aura,咒缚,呪縛
Dual Assist,双重协助,デュアルアシスト
Dual Assist+,双重协助+,デュアルアシスト＋
Dual Strike,双重攻击,デュアルアタック
Dual Support,双重支援,デュアルサポート
Duelist's Blow,清流一击,清流の一撃
Echo,重唱,重唱
Eclipse Brace,日月手镯,日月の腕輪
Eclipse Brace+,日月手镯+,日月の腕輪＋
Effective: Armored,克制重装,重装特効
Effective: Cavalry,克制骑马,騎馬特効
Effective: Corrupted,克制异形,異形特効
Effective: Dragon,克制龙,竜特効
Effective: Flying,克制飞行,飛行特効
Energized,肌肉增强剂,筋肉増強剤
Expertise,努力才能,努力の才
Fair Fight,正面对决,真っ向勝負
Fairy-Tale Folk,二人如画,絵になる二人
Favorite Food,最喜欢的东西,大好物
Fell Barrier,常暗之结界,常闇の結界
Fell Barrier+,常暗之结界+,常闇の結界＋
Fell Barrier++,常暗之结界++,常闇の結界＋＋
Fell Barrier+++,常暗之结界+++,常闇の結界＋＋＋
Fell Protection,邪龙的救济,邪竜の救済
Fell Spirit,邪龙气,邪竜気
Fierce Stance,鬼神架势,鬼神の構え
Flickering Flower,闪花,閃花
Fortify Def,防守鼓舞,守備の鼓舞
Gallop,快跑,迅走
Generosity,盛宴款待,大盤振る舞い
Gentility,优风,優風
Gentility+,优风+,優風＋
Gentle Flower,和平之花,平和の花
Get Behind Me!,由我守护！,僕が守ります！
Giga Excalibur,纪加斯卡利伯,ギガスカリバー
Goddess Dance,计策：女神之舞,計略：女神の舞
Golden Lotus,金莲,金蓮
Grasping Void,虚空,虚空
Great Aether,霸克·天空,覇克・天空
Great Sacrifice,大治愈之手,大いなる癒しの手
Great Thunder,轰雷,轟雷
Headlong Rush,猛进,猛進
Healing Light,治愈之声,癒しの響き
Healtouch,治愈之心,いやしの心
Hit +10,命中+10,命中＋10
Hit +15,命中+15,命中＋15
Hit +20,命中+20,命中＋20
Hit +25,命中+25,命中＋25
Hit +30,命中+30,命中＋30
Hobble,瞄准足部,足狙い
Hold Out,坚持,踏ん張り
Hold Out+,坚持+,踏ん張り＋
Hold Out++,坚持++,踏ん張り＋＋
Hold Out+++,坚持+++,踏ん張り＋＋＋
Holy Aura,邪龙有效,邪竜有効
Holy Shield,神龙加护,神竜の加護
Holy Stance,异形复仇,異形リベンジ
Holy Stance+,异形复仇+,異形リベンジ＋
Holy Stance++,异形复仇++,異形リベンジ＋＋
HP +10,HP+10,HP＋10
HP +12,HP+12,HP＋12
HP +15,HP+15,HP＋15
HP +5,HP+5,HP＋5
HP +7,HP+7,HP＋7
Ignis,华炎,華炎
Instruct,指导,指導
Instruct (All),指导〈全〉,指導〈全〉
Instruct (Def),指导〈防守〉,指導〈守備〉
Instruct (Dex),指导〈技巧〉,指導〈技〉
Instruct (Lck),指导〈幸运〉,指導〈幸運〉
Instruct (Mag),指导〈魔力〉,指導〈魔力〉
Instruct (Res),指导〈魔防〉,指導〈魔防〉
Instruct (Spd),指导〈速度〉,指導〈速さ〉
Instruct (Str),指导〈力量〉,指導〈力〉
Knife Precision 1,短剑术Lv.1,短剣術Lv.1
Knife Precision 2,短剑术Lv.2,短剣術Lv.2
Knife Precision 3,短剑术Lv.3,短剣術Lv.3
Knife Precision 4,短剑术Lv.4,短剣術Lv.4
Knife Precision 5,短剑术Lv.5,短剣術Lv.5
Knifebreaker,破短剑者,短剣殺し
Knightly Escort,护航,エスコート
Laguz Friend,不动,不動
Lance Agility 1,枪术·柔Lv.1,槍術・柔Lv.1
Lance Agility 2,枪术·柔Lv.2,槍術・柔Lv.2
Lance Agility 3,枪术·柔Lv.3,槍術・柔Lv.3
Lance Agility 4,枪术·柔Lv.4,槍術・柔Lv.4
Lance Agility 5,枪术·柔Lv.5,槍術・柔Lv.5
Lance Power 1,枪术·刚Lv.1,槍術・剛Lv.1
Lance Power 2,枪术·刚Lv.2,槍術・剛Lv.2
Lance Power 3,枪术·刚Lv.3,槍術・剛Lv.3
Lance Power 4,枪术·刚Lv.4,槍術・剛Lv.4
Lance Power 5,枪术·刚Lv.5,槍術・剛Lv.5
Lancebreaker,破枪者,槍殺し
Lethality,灭杀,滅殺
Life and Death,死线,死線
Lodestar Rush,星之突击,スターラッシュ
Lost & Found,拾得,拾得
Luck +10,幸运+10,幸運＋10
Luck +12,幸运+12,幸運＋12
Luck +2,幸运+2,幸運＋2
Luck +4,幸运+4,幸運＋4
Luck +6,幸运+6,幸運＋6
Luck +8,幸运+8,幸運＋8
Luna,月光,月光
Lunar Brace,月之手镯,月の腕輪
Lunar Brace+,月之手镯+,月の腕輪＋
Magic +2,魔力+2,魔力＋2
Magic +3,魔力+3,魔力＋3
Magic +4,魔力+4,魔力＋4
Magic +5,魔力+5,魔力＋5
Make a Killing,一夕致富,一攫千金
Meditation,冥想,瞑想
Mentorship,老师的引导,師の導き
Merciless,无慈悲,無慈悲
Mercy,慈悲,慈悲
Miracle,祈祷,祈り
Momentum,助跑,助走
Momentum+,助跑+,助走＋
Moved to Tears,泪腺崩坏,涙腺崩壊
Movement +1,移动+1,移動＋1
Night and Day,交替,オルタネイト
No Distractions,集中,集中
Not *Quite*,没有“下次”,「次」はない
Override,破阵星驰,オーバードライヴ
Pair Up,防阵,防陣
Paraselene,幻月,幻月
Party Animal,大集会,大集会
Pass,穿越,すり抜け
Perceptive,识破,見切り
Perceptive+,识破+,見切り＋
Pincer Attack,夹击,挟撃
Pivot,迂回,回り込み
Poison Strike,蛇毒,蛇毒
Quadruple Hit,四重巧击,テトラトリック
Quality Time,身体接触,スキンシップ
Quality Time+,身体接触+,スキンシップ＋
Racket of Solm,索尔姆的噪音,ソルムの騒音
Raging Fire,业火,業火
Ragnarok Warp,末世烈焰传送,ライナワープ
Reforge,帮助,手助け
Renewal,回复,回復
Reposition,带回,引き戻し
Resistance +2,魔防+2,魔防＋2
Resistance +3,魔防+3,魔防＋3
Resistance +4,魔防+4,魔防＋4
Resistance +5,魔防+5,魔防＋5
Resolve,勇将,勇将
Resolve+,勇将+,勇将＋
Resonance,共鸣之黑魔法,共鳴の黒魔法
Resonance+,共鸣之黑魔法+,共鳴の黒魔法＋
Rightful Ruler,帝王之才,王の器
Rise Above,超越,超越
Run Through,破敌斩,切り抜け
Sacred Twins,双圣,双聖
Sandstorm,沙阵,砂陣
Savage Blow,死亡吐息,死の吐息
Seal Defense,防守封锁,守備封じ
Seal Magic,魔力封锁,魔力封じ
Seal Resistance,魔防封锁,魔防封じ
Seal Speed,速度封锁,速さ封じ
Seal Strength,力量封锁,力封じ
Seconds?,料理再现,料理再現
Self-Destruct,自毁,自壊
Self-Healing,自己回复,自己回復
Self-Improver,自己钻研,自己研鑽
Share Spoils,战果转让,戦果移譲
Shove,冲撞,体当たり
Silence Ward,沉默防御,サイレスガード
Single-Minded,执着,執着
Sink Below,超越（暗）,超越（闇）
Skill Inheritance,解放特技继承,スキル継承解放
Smash+,猛击+,スマッシュ＋
Sol,太阳,太陽
Solar Brace,太阳之手镯,太陽の腕輪
Solar Brace+,太阳之手镯+,太陽の腕輪＋
Soulblade,魔法剑,魔法剣
Special Dance,特别舞蹈,特別な踊り
Speed +1,速度+1,速さ＋1
Speed +2,速度+2,速さ＋2
Speed +3,速度+3,速さ＋3
Speed +4,速度+4,速さ＋4
Speed +5,速度+5,速さ＋5
Speedtaker,速度吸收,速さの吸収
Spell Harmony,魔力增幅,魔力増幅
Spirit Strike,减气,減氣
Spur Attack,攻击纹章,攻撃の紋章
Spur Res,魔防纹章,魔防の紋章
Staff Mastery 1,信仰Lv.1,信仰Lv.1
Staff Mastery 2,信仰Lv.2,信仰Lv.2
Staff Mastery 3,信仰Lv.3,信仰Lv.3
Staff Mastery 4,信仰Lv.4,信仰Lv.4
Staff Mastery 5,信仰Lv.5,信仰Lv.5
Stalwart,克制耐性,特効耐性
Steady Stance,金刚架势,金剛の構え
Strength +1,力量+1,力＋1
Strength +2,力量+2,力＋2
Strength +3,力量+3,力＋3
Strength +4,力量+4,力＋4
Strength +5,力量+5,力＋5
Strength +6,力量+6,力＋6
Strong Arm,铁腕,剛腕
Strong Bond,斩不断的牵绊,断ち切れぬ絆
Stunning Smile,微笑,微笑み
Sure Strike,必中目标,必的
Swap,替换,入れ替え
Sword Agility 1,剑术·柔Lv.1,剣術・柔Lv.1
Sword Agility 2,剑术·柔Lv.2,剣術・柔Lv.2
Sword Agility 3,剑术·柔Lv.3,剣術・柔Lv.3
Sword Agility 4,剑术·柔Lv.4,剣術・柔Lv.4
Sword Agility 5,剑术·柔Lv.5,剣術・柔Lv.5
Sword Focus 1,剑术·心Lv.1,剣術・心Lv.1
Sword Focus 2,剑术·心Lv.2,剣術・心Lv.2
Sword Focus 3,剑术·心Lv.3,剣術・心Lv.3
Sword Focus 4,剑术·心Lv.4,剣術・心Lv.4
Sword Focus 5,剑术·心Lv.5,剣術・心Lv.5
Sword Power 1,剑术·刚Lv.1,剣術・剛Lv.1
Sword Power 2,剑术·刚Lv.2,剣術・剛Lv.2
Sword Power 3,剑术·刚Lv.3,剣術・剛Lv.3
Sword Power 4,剑术·刚Lv.4,剣術・剛Lv.4
Sword Power 5,剑术·刚Lv.5,剣術・剛Lv.5
Swordbreaker,破剑者,剣殺し
Sympathetic,传道师,伝道師
Tome Precision 1,魔道Lv.1,魔道Lv.1
Tome Precision 2,魔道Lv.2,魔道Lv.2
Tome Precision 3,魔道Lv.3,魔道Lv.3
Tome Precision 4,魔道Lv.4,魔道Lv.4
Tome Precision 5,魔道Lv.5,魔道Lv.5
Tomebreaker,破魔者,魔殺し
Torrential Roar,龙穿炮,竜穿砲
Trained to Kill,杀人技术,殺しの技術
Triangle Adept,强化互克,相性激化
Twin Strike,双流,ツインストライク
Unbreakable,打破无效,ブレイク無効
Unholy Stance,复仇,リベンジ
Unwavering,克制无效,特効無効
Unyielding,不屈,不屈
Unyielding+,不屈+,不屈＋
Unyielding++,不屈++,不屈＋＋
Vantage,埋伏,待ち伏せ
Vantage+,埋伏+,待ち伏せ＋
Vantage++,埋伏++,待ち伏せ＋＋
Vein of Flame,龙脉<炎>,竜脈〈炎〉
Vein of Fog,龙脉<雾>,竜脈〈霧〉
Vein of Ice,龙脉<冰>,竜脈〈氷〉
Vein of Stone,龙脉<护>,竜脈〈護〉
Vein of Succor,龙脉<愈>,竜脈〈癒〉
Vein of Vines,龙脉<绿>,竜脈〈緑〉
Vein of Water,龙脉<水>,竜脈〈水〉
Verdant Faith,碧之信仰,碧の信仰
Veteran,熟练者,熟練者
Veteran+,熟练者+,熟練者＋
Void Curse,虚无诅咒,虚無の呪い
Warding Blow,明镜一击,明鏡の一撃
Warding Stance,明镜架势,明鏡の構え
Warp Ragnarok,传送末世烈焰,ワープライナ
Weapon Insight,身经百战的直觉,歴戦の勘
Will to Win,求胜意志,勝利への意思
Wind Adept,旋风,旋風
Wind God,风神,風神
Windsweep,疾风横扫,風薙ぎ
World Tree,大树,大樹
Wrath,愤怒,怒り

Adept Book,特技之书·破,スキルの書・破
Aegis Shield,埃癸斯之盾,アイギスの盾
Alcryst's Meal,史塔卢克便当,スタルーク弁当
Alfred's Meal,阿尔弗雷德便当,アルフレッド弁当
Amber's Meal,安巴便当,アンバー弁当
Animal Treats,动物用的木天蓼,動物用のマタタビ
Anna's Meal,安娜便当,アンナ弁当
Antitoxin,解毒剂,毒消し薬
Antler Earrings,鹿角耳饰,シカ角の耳飾り
Apple,苹果,リンゴ
Areadbhar,阿莱德巴尔,アラドヴァル
Armor Bane,克制重装之书,重装特効の書
Armorslayer,破甲剑,アーマーキラー
Avo Crystal,回避纹晶石,回避の紋晶石
Aymr,艾姆鲁,アイムール
Bandages,绷带,包帯
Beans,豆子,豆
Bear Carving,熊木雕,木彫りのクマ
Beef,牛肉,牛肉
Berries,莓果,ベリー
Binding Blade,封印之剑,封印の剣
Blutgang,布鲁托刚格,ブルトガング
Bolganone,火山爆焰,ボルガノン
Boots,靴子,ブーツ
Boucheron's Meal,布修隆便当,ブシュロン弁当
Brave Axe,勇者之斧,勇者の斧
Brave Bow,勇者之弓,勇者の弓
Brave Lance,勇者枪,ゆうしゃのやり
Brave Lance,勇者之枪,勇者の槍
Brave Sword,勇者之剑,勇者の剣
Brionac,布里欧奈克,ブリューナク
Bunet's Meal,波聂便当,ボネ弁当
Butterfly Net,捕虫网,虫取り網
Cabbage,卷心菜,キャベツ
Caladbolg,克拉德霍格,クラドホルグ
Carnwenhan,卡伦威南,カルンウェナン
Carp,鲤鱼,コイ
Céline's Meal,锡莉奴便当,セリーヌ弁当
Chicken,鸡肉,鶏肉
Chloé's Meal,克萝艾便当,クロエ弁当
Chrysanthemum,菊花,キクの花
Cinquedea,辛克艾迪亚,シンクエディア
Citrinne's Meal,希特丽妮卡便当,シトリニカ弁当
Clanne's Meal,柯岚便当,クラン弁当
Cod,鳕鱼,タラ
Compact Axe,短斧,ショートアクス
Corrupted Bane,克制异形之书,異形特効の書
Crit Crystal,必杀纹晶石,必殺の紋晶石
Cute Apron,可爱围裙,可愛いエプロン
Ddg Crystal,必避纹晶石,必避の紋晶石
Def Crystal,防守纹晶石,守備の紋晶石
Defense Tonic,防守药,守備の薬
Desert Marigold,小松菜花,コマツナの花
Dex Crystal,技巧纹晶石,技の紋晶石
Dexterity Tonic,技巧药,技の薬
Diabolical Dance,邪神之舞,邪神の舞
Diamant's Meal,帝亚曼德便当,ディアマンド弁当
Disengage,结合破坏,エンゲージブレイク
Divine Fist Art,霸神体术,覇神の体術
Dracoshield,龙盾,竜の盾
Dragon Bane,克制龙之书,竜特効の書
Dragon Fang,龙穿,竜穿
Dragon Scripture,神龙圣书,神竜聖書
Dragon's Fist,神龙体术,神竜の体術
Dried Fish,干货,干物
Dried Meat,坚硬肉干,硬い干し肉
Dual Katana,逆刀,逆刀
Eel,鳗鱼,ウナギ
Eggs,蛋,卵
Elfire,狂焰,エルファイアー
Elixir,特效药,特効薬
Elsurge,狂涌,エルサージ
Elthunder,狂雷,エルサンダー
Elwind,狂风,エルウインド
Elyos History,艾雷欧斯历史书,エレオスの歴史書
Energy Drop,力量水滴,力のしずく
Entrap,召敌,ドロー
Etie's Meal,艾媞耶便当,エーティエ弁当
Excalibur,埃克斯卡利伯,エクスカリバー
Expert Book,特技之书·离,スキルの書・離
Failnaught,费鲁诺特,フェイルノート
Fairy-Tale Book,奇妙的童话绘本,不思議な童話絵本
Falchion,法尔西昂,ファルシオン
Fancy Dagger,装饰短剑,装飾入りの短剣
Fell Assault,邪龙的强击,邪竜ノ強撃
Fell Surge,邪龙的波动,邪竜ノ波動
Fensalir,芬萨里尔,フェンサリル
Field Guide,生物图鉴,生き物図鑑
Fine Quill Pen,高级羽毛笔,高級な羽根ペン
Fire,火焰,ファイアー
Fire Breath,火之吐息,火のブレス
Fireball,炎块,炎塊
Fishing Bait,钓饵,釣り用の餌
Flame Cannon,火炎炮台,火炎砲台
Flame Lance,炎枪,炎の槍
Flashing Fist Art,闪进体术,閃進の体術
Flier Bane,克制飞行之书,飛行特効の書
Flower Wreath,手作花环,手作りの花輪
Fogado's Meal,佛贾特便当,フォガート弁当
Fólkvangr,弗尔克范格,フォルクヴァング
Fortify,全体圣疗,リザーブ
Fracture,崩塌,コラプス
Fragarach,佛拉格拉克,フラガラッハ
Framme's Meal,芙岚便当,フラン弁当
Freeze,冰封,フリーズ
Georgios,盖欧吉欧斯,ゲオルギオス
Goddess Dance,女神之舞,女神の舞
Goddess Icon,女神像,女神の像
Goldmary's Meal,戈尔德玛莉便当,ゴルドマリー弁当
Grapes,葡萄,ブドウ
Hammer,战锤,ハンマー
Hammer,战锤,ハンマー
Hand Axe,手斧,手斧
Heal,圣疗,ライブ
Herb,香草,ハーブ
Herring,鲱鱼,ニシン
Hit Crystal,命中纹晶石,命中の紋晶石
Horn,号角,角笛
Horse Manure,马粪,馬糞
Hortensia's Meal,奥尔坦希亚便当,オルテンシア弁当
Howling Beam,邪龙吼叫炮,邪竜吼号砲
HP Tonic,HP药,ＨＰの薬
Hurricane Axe,风大斧,風の大斧
Illume,火炬,トーチ
Initiate Art,新手体术,見習の体術
Iron Axe,铁斧,てつの斧
Iron Blade,铁大剑,てつの大剣
Iron Bow,铁弓,てつの弓
Iron Dagger,铁刀,てつのナイフ
Iron Greataxe,铁大斧,てつの大斧
Iron Greatlance,铁大枪,てつの大槍
Iron Ingot,铁晶石,てつの晶石
Iron Lance,铁枪,てつの槍
Iron Sword,铁剑,てつの剣
Iron-Body Art,基本体术,基本の体術
Ivy's Meal,艾比便当,アイビー弁当
Jade's Meal,洁德便当,ジェーデ弁当
Javelin,标枪,手槍
Jean's Meal,贾恩便当,ジャン弁当
Kagetsu's Meal,花月便当,カゲツ弁当
Kard,卡尔德,カルド
Killer Axe,必杀斧,キラーアクス
Killer Axe,必杀斧,キラーアクス
Killer Bow,必杀弓,キラーボウ
Killer Bow,必杀弓,キラーボウ
Killer Lance,必杀枪,キラーランス
Killing Edge,必杀剑,キルソード
Lancereaver,破枪剑,ランスバスター
Landscape Art,风景明信片,風景の絵葉書
Lapis's Meal,菈琵思便当,ラピス弁当
Large Plate,巨大盘子,大きなお皿
Lendabair,伦达威尔,レンダウィル
Lentil Flower,扁豆花,レンズマメの花
Levin Sword,雷之剑,いかづちの剣
Libération,里贝拉锡翁,リベラシオン
Light Brand,光之剑,ひかりの剣
Lily,百合花,ユリの花
Lindon's Meal,霖丹便当,リンデン弁当
Longbow,长弓,長弓
Louis's Meal,路易便当,ルイ弁当
Lovely Candle,美丽的蜡烛,美しい蝋燭
Luck Tonic,幸运药,幸運の薬
Lúin,卢恩,ルーン
Lupine Flower,羽扇豆花,ルピナスの花
Lyrátion,莱拉西昂,ライラシオン
Magic Tonic,魔力药,魔力の薬
Mani Katti,玛尼·卡提,マーニ・カティ
Master Bow,大师之弓,マスターボウ
Master Lance,大师之枪,マスターランス
Master Seal,大师证,マスタープルフ
Mauvier's Meal,莫布便当,モーヴ弁当
Mend,大圣疗,リライブ
Mercurius,墨丘利剑,メリクルソード
Merrin's Meal,玫琳便当,メリン弁当
Meteor,陨石,メティオ
Milk,乳品,ミルク
Minced Fish,碎肉,すり身
Mini Bow,短弓,ショートボウ
Misericorde,米谢利克德,ミセリコルデ
Modest Rod,小鱼钓竿,小魚用の釣り竿
Mt Crystal,威力纹晶石,威力の紋晶石
Mulagir,妙尔葛雷,ミュルグレ
Muscle Balm,外用肌肉增强剂,塗る筋肉増強剤
Mutton,羊肉,羊肉
Nóatún,诺欧通,ノーアトゥーン
Noble Rapier,王室贵族刺剑,ノーブルレイピア
Nodus,结节,ノードゥス
Nosferatu,圣吸,リザイア
Nova,新星,ノヴァ
Novice Book,特技之书·守,スキルの書・守
Nuts,树果,木の実
Obscurité,暗黑无光,オヴスキュリテ
Obstruct,冰锁,アイスロック
Oligoludia,欧里格帝亚,オリゴルディア
Onion,洋葱,タマネギ
Orange,柳橙,オレンジ
Pact Ring,约定戒指,約束の指輪
Pandreo's Meal,庞德罗便当,パンドロ弁当
Panette's Meal,帕涅托涅便当,パネトネ弁当
Parallel Falchion,里剑法尔西昂,裏剣ファルシオン
Parthia,帕提亚,パルティア
Peach,蜜桃,モモ
Peshkatz,佩修卡特,ペシュカド
Philosophy Book,深奥的哲学书,難しい哲学書
Physic,远程圣疗,リブロー
Playing Cards,桌游用纸牌,卓上遊び用絵札
Poetry Book,世界各国诗集,世界各国の詩集
Poleaxe,长斧,ポールアクス
Pork,猪肉,豚肉
Potato,薯类,芋
Pretty Pebble,漂亮的石头,綺麗な石ころ
Pure Water,圣水,聖水
Quality Kerchief,高级手帕,上質なハンカチ
Radiant Bow,光之弓,光の弓
Rafail Gem,拉法叶之宝珠,ラファイルの宝珠
Ragnarok,末世烈焰,ライナロック
Ragnell,瑞格内尔,ラグネル
Rapier,刺剑,レイピア
Rapier,刺剑,レイピア
Rare Fish,幻之鱼,幻の魚
Rare Fruit,幻之水果,幻の果物
Rare Vegetable,幻之蔬菜,幻の野菜
Recover,圣愈,リカバー
Recover,圣愈,リカバー
Res Crystal,魔防纹晶石,魔防の紋晶石
Rescue,救援,レスキュー
Resistance Tonic,魔防药,魔防の薬
Restore,休息,レスト
Rewarp,自我传送,リワープ
Rice,米,米
Rider Bane,克制骑马之书,騎馬特効の書
Ridersbane,骑士杀手,ナイトキラー
Ridersbane,骑士杀手,ナイトキラー
Roasted Yam,行家烤番薯,こだわりの焼き芋
Rosado's Meal,罗萨德便当,ロサード弁当
Sacrifice,治愈之手,癒しの手
Salmon,鲑鱼,サケ
Saphir's Meal,札菲亚便当,ザフィーア弁当
Sardines,沙丁鱼,イワシ
Sashimi,生鱼片,刺身
Seadall's Meal,赛安达斯便当,セアダス弁当
Second Seal,转职证,チェンジプルフ
Secret Book,秘传之书,秘伝の書
Seraph Robe,天使之衣,天使の衣
Seraphim,天使,エンジェル
Sewing Kit,裁缝套组,裁縫セット
Sharp Chisel,锋利雕刻刀,よく切れる彫刻刀
Sheep Wool,羊毛线球,羊の毛糸玉
Shielding Art,护身体术,護身の体術
Shine,闪光,シャイン
Short Knife,短刀,ショートナイフ
Sieglinde,齐格林德,ジークリンデ
Siegmund,齐格蒙德,ジークムント
Silence,沉默,サイレス
Silver Axe,银斧,ぎんの斧
Silver Blade,银大剑,ぎんの大剣
Silver Bow,银弓,ぎんの弓
Silver Dagger,银刀,ぎんのナイフ
Silver Greataxe,银大斧,ぎんの大斧
Silver Greatlance,银大枪,ぎんの大槍
Silver Ingot,银晶石,ぎんの晶石
Silver Lance,银枪,ぎんの槍
Silver Sword,银剑,ぎんの剣
Silver-Spirit Art,专家体术,達人の体術
Slim Lance,细枪,ほそみの槍
Slim Sword,细剑,ほそみの剣
Spd Crystal,速度纹晶石,速さの紋晶石
Spear,投枪,スレンドスピア
Speed Tonic,速度药,速さの薬
Speedwing,疾风羽毛,はやての羽
Spices,香料,スパイス
Spicy Seasonings,超辣调味料,激辛調味料
Spirit Dust,精灵之粉,精霊の粉
Spirit Gem,守护神的宝石,守り神の宝石
Spooky Scroll,诡异符咒,怪しいお札
Steel Axe,钢斧,はがねの斧
Steel Blade,钢大剑,はがねの大剣
Steel Bow,钢弓,はがねの弓
Steel Dagger,钢刀,はがねのナイフ
Steel Greataxe,钢大斧,はがねの大斧
Steel Greatlance,钢大枪,はがねの大槍
Steel Ingot,钢晶石,はがねの晶石
Steel Lance,钢枪,はがねの槍
Steel Sword,钢剑,はがねの剣
Steel-Hand Art,高级体术,上級の体術
Stiletto,史提列特,スティレット
Strength Tonic,力量药,力の薬
Strong Perfume,香气浓郁的香水,強い香りの香水
Sturdy Rod,耐用钓竿,頑丈な釣り竿
Sun Visor,遮阳帽,日よけ帽子
Supreme Rod,万能钓竿,万能の釣り竿
Surge,浪涌,サージ
Sword of the Creator,天帝之剑,天帝の剣
Talisman,避邪物,魔よけ
Tea Leaves,现摘茶叶,摘みたての茶葉
Thani,赛尼,セイニー
Thoron,托隆,トロン
Thoron,托隆,トロン
Thunder,雷电,サンダー
Thyrsus,提尔狩斯之杖,テュルソスの杖
Time Crystal,龙之时水晶,竜の時水晶
Timerra's Meal,蜜丝提拉便当,ミスティラ弁当
Tomahawk,投斧,トマホーク
Tomato,番茄,トマト
Topping,幻之食材,幻の食材
Torch,火把,たいまつ
Training Weight,锻炼用的重石,鍛錬用の重り石
Tyrfing,斩裂剑,ティルフィング
Ukonvasara,乌哥巴萨拉,ウコンバサラ
Urvan,乌尔邦,ウルヴァン
Utility Knife,多功能折叠刀,多機能ナイフ
Vajra-Mushti,降魔杵,ヴァジュラ
Vander's Meal,凡德雷便当,ヴァンドレ弁当
Venomous,恶毒枪,ヴェノマス
Veyle's Meal,贝珥便当,ヴェイル弁当
Vulnerary,伤药,傷薬
Wakizashi,飞刀,飛刀
Warp,传送,ワープ
Wheat Flour,小麦粉,小麦粉
Whirling Death,邪龙旋转乱舞,邪竜旋転乱舞
White Clover,白三叶草,シロツメクサ
Wille Glanz,毕雷古兰兹,ヴィレグランツ
Wind,烈风,ウインド
Wind Sword,风之剑,かぜの剣
Wo Dao,倭刀,倭刀
Wyrmslayer,屠龙剑,ドラゴンキラー
Wyrmslayer,屠龙剑,ドラゴンキラー
Yato,夜刀神,夜刀神
Yogurt,严选酸奶,厳選ヨーグルト
Yunaka's Meal,尤娜卡便当,ユナカ弁当
Zelkov's Meal,杰尔科巴便当,ゼルコバ弁当
